-- phpMyAdmin SQL Dump
-- version 5.2.0
-- https://www.phpmyadmin.net/
--
-- Host: 127.0.0.1
-- Generation Time: Oct 22, 2022 at 11:02 PM
-- Server version: 10.4.24-MariaDB
-- PHP Version: 8.1.6

SET SQL_MODE = "NO_AUTO_VALUE_ON_ZERO";
START TRANSACTION;
SET time_zone = "+00:00";


/*!40101 SET @OLD_CHARACTER_SET_CLIENT=@@CHARACTER_SET_CLIENT */;
/*!40101 SET @OLD_CHARACTER_SET_RESULTS=@@CHARACTER_SET_RESULTS */;
/*!40101 SET @OLD_COLLATION_CONNECTION=@@COLLATION_CONNECTION */;
/*!40101 SET NAMES utf8mb4 */;

--
-- Database: `sdp`
--

-- --------------------------------------------------------

--
-- Table structure for table `closed_connection`
--

CREATE TABLE `closed_connection` (
  `gateway_sdpid` int(11) NOT NULL,
  `client_sdpid` int(11) NOT NULL,
  `service_id` int(11) NOT NULL,
  `start_timestamp` bigint(20) NOT NULL,
  `end_timestamp` bigint(20) NOT NULL,
  `protocol` tinytext COLLATE utf8_bin NOT NULL,
  `source_ip` tinytext COLLATE utf8_bin NOT NULL,
  `source_port` int(11) NOT NULL,
  `destination_ip` tinytext COLLATE utf8_bin NOT NULL,
  `destination_port` int(11) NOT NULL,
  `nat_destination_ip` tinytext COLLATE utf8_bin NOT NULL,
  `nat_destination_port` int(11) NOT NULL
) ENGINE=InnoDB DEFAULT CHARSET=utf8 COLLATE=utf8_bin;

--
-- Dumping data for table `closed_connection`
--

INSERT INTO `closed_connection` (`gateway_sdpid`, `client_sdpid`, `service_id`, `start_timestamp`, `end_timestamp`, `protocol`, `source_ip`, `source_port`, `destination_ip`, `destination_port`, `nat_destination_ip`, `nat_destination_port`) VALUES
(55550, 55560, 2, 1666294662, 1666295043, 'tcp', '192.168.31.132', 33447, '192.168.31.111', 1883, '172.16.31.122', 1883),
(55550, 55560, 0, 1666295095, 1666295095, 'tcp', '192.168.31.132', 33447, '192.168.31.111', 1883, '172.16.31.122', 1883),
(55550, 55560, 2, 1666295174, 1666295241, 'tcp', '192.168.31.132', 47847, '192.168.31.111', 8883, '172.16.31.122', 8883),
(55550, 55560, 2, 1666297125, 1666297143, 'tcp', '192.168.31.132', 34295, '192.168.31.111', 8883, '172.16.31.122', 8883),
(55550, 55560, 2, 1666297520, 1666297562, 'tcp', '192.168.31.132', 36035, '192.168.31.111', 8883, '172.16.31.122', 8883),
(55550, 55560, 2, 1666297602, 1666297709, 'tcp', '192.168.31.132', 39803, '192.168.31.111', 8883, '172.16.31.122', 8883),
(55550, 55560, 2, 1666300676, 1666300680, 'tcp', '192.168.31.132', 41119, '192.168.31.111', 8883, '172.16.31.122', 8883),
(55550, 55560, 2, 1666300752, 1666300778, 'tcp', '192.168.31.132', 51817, '192.168.31.111', 8883, '172.16.31.122', 8883),
(55550, 55560, 2, 1666300811, 1666301262, 'tcp', '192.168.31.132', 38425, '192.168.31.111', 8883, '172.16.31.122', 8883),
(55550, 55560, 2, 1666301256, 1666301276, 'tcp', '192.168.31.132', 51817, '192.168.31.111', 8883, '172.16.31.122', 8883),
(55550, 55560, 2, 1666301354, 1666301368, 'tcp', '192.168.31.132', 51727, '192.168.31.111', 8883, '172.16.31.122', 8883),
(55550, 55560, 2, 1666301949, 1666301968, 'tcp', '192.168.31.132', 55433, '192.168.31.111', 8883, '172.16.31.122', 8883),
(55550, 55560, 2, 1666301997, 1666302066, 'tcp', '192.168.31.132', 49115, '192.168.31.111', 8883, '172.16.31.122', 8883),
(55550, 55560, 2, 1666302081, 1666302115, 'tcp', '192.168.31.132', 43513, '192.168.31.111', 8883, '172.16.31.122', 8883),
(55550, 55560, 2, 1666302805, 1666302901, 'tcp', '192.168.31.132', 44375, '192.168.31.111', 8883, '172.16.31.122', 8883),
(55550, 55560, 2, 1666302805, 1666302901, 'tcp', '192.168.31.132', 49227, '192.168.31.111', 8883, '172.16.31.122', 8883),
(55550, 55560, 2, 1666302805, 1666302901, 'tcp', '192.168.31.132', 53041, '192.168.31.111', 8883, '172.16.31.122', 8883),
(55550, 55560, 2, 1666302805, 1666302901, 'tcp', '192.168.31.132', 54483, '192.168.31.111', 8883, '172.16.31.122', 8883),
(55550, 55560, 2, 1666303317, 1666303346, 'tcp', '192.168.31.132', 35405, '192.168.31.111', 8883, '172.16.31.122', 8883),
(55550, 55560, 2, 1666303318, 1666303346, 'tcp', '192.168.31.132', 37493, '192.168.31.111', 8883, '172.16.31.122', 8883),
(55550, 55560, 2, 1666303318, 1666303346, 'tcp', '192.168.31.132', 40351, '192.168.31.111', 8883, '172.16.31.122', 8883),
(55550, 55560, 2, 1666303318, 1666303346, 'tcp', '192.168.31.132', 43069, '192.168.31.111', 8883, '172.16.31.122', 8883),
(55550, 55560, 2, 1666303890, 1666303993, 'tcp', '192.168.31.133', 59193, '192.168.31.111', 8883, '172.16.31.122', 8883),
(55550, 55560, 2, 1666305446, 1666305729, 'tcp', '192.168.31.141', 32869, '192.168.31.111', 8883, '172.16.31.122', 8883),
(55550, 55560, 2, 1666305784, 1666352268, 'tcp', '192.168.31.141', 33139, '192.168.31.111', 8883, '172.16.31.122', 8883),
(55550, 55560, 2, 1666370507, 1666370530, 'tcp', '192.168.31.141', 57719, '192.168.31.111', 8883, '172.16.31.122', 8883),
(55550, 55560, 2, 1666370598, 1666370723, 'tcp', '192.168.31.141', 60537, '192.168.31.111', 8883, '172.16.31.122', 8883),
(55550, 55560, 2, 1666370721, 1666370862, 'tcp', '192.168.31.141', 55991, '192.168.31.111', 8883, '172.16.31.122', 8883),
(55550, 55560, 2, 1666370858, 1666371131, 'tcp', '192.168.31.141', 39245, '192.168.31.111', 8883, '172.16.31.122', 8883),
(55550, 55560, 2, 1666371222, 1666371580, 'tcp', '192.168.31.141', 51705, '192.168.31.111', 8883, '172.16.31.122', 8883),
(55550, 55560, 2, 1666371576, 1666371629, 'tcp', '192.168.31.141', 46727, '192.168.31.111', 8883, '172.16.31.122', 8883),
(55550, 55560, 2, 1666371729, 1666371808, 'tcp', '192.168.31.141', 53641, '192.168.31.111', 8883, '172.16.31.122', 8883),
(55550, 55560, 2, 1666371806, 1666372068, 'tcp', '192.168.31.141', 52633, '192.168.31.111', 8883, '172.16.31.122', 8883),
(55550, 55560, 2, 1666372081, 1666373177, 'tcp', '192.168.31.141', 44539, '192.168.31.111', 8883, '172.16.31.122', 8883),
(55550, 55560, 2, 1666373802, 1666373944, 'tcp', '192.168.31.141', 35769, '192.168.31.111', 8883, '172.16.31.122', 8883),
(55550, 55560, 2, 1666373939, 1666374298, 'tcp', '192.168.31.141', 53021, '192.168.31.111', 8883, '172.16.31.122', 8883),
(55550, 55560, 2, 1666374316, 1666380987, 'tcp', '192.168.31.141', 59383, '192.168.31.111', 8883, '172.16.31.122', 8883),
(55550, 55560, 2, 1666381002, 1666382629, 'tcp', '192.168.31.141', 59383, '192.168.31.111', 8883, '172.16.31.122', 8883),
(55550, 55560, 2, 1666382643, 1666385474, 'tcp', '192.168.31.141', 40881, '192.168.31.111', 8883, '172.16.31.122', 8883),
(55550, 55560, 2, 1666437320, 1666437330, 'tcp', '192.168.31.141', 49547, '192.168.31.111', 8883, '172.16.31.122', 8883),
(55550, 55560, 2, 1666437410, 1666437420, 'tcp', '192.168.31.141', 43527, '192.168.31.111', 8883, '172.16.31.122', 8883),
(55550, 55560, 2, 1666437504, 1666437515, 'tcp', '192.168.31.141', 54109, '192.168.31.111', 8883, '172.16.31.122', 8883),
(55550, 55560, 2, 1666437672, 1666437766, 'tcp', '192.168.31.141', 57405, '192.168.31.111', 8883, '172.16.31.122', 8883),
(55550, 55560, 2, 1666437762, 1666437834, 'tcp', '192.168.31.141', 44821, '192.168.31.111', 8883, '172.16.31.122', 8883),
(55550, 55560, 2, 1666437828, 1666437848, 'tcp', '192.168.31.141', 33049, '192.168.31.111', 8883, '172.16.31.122', 8883),
(55550, 55560, 2, 1666437928, 1666437965, 'tcp', '192.168.31.141', 35687, '192.168.31.111', 8883, '172.16.31.122', 8883),
(55550, 55560, 2, 1666437994, 1666438056, 'tcp', '192.168.31.141', 34399, '192.168.31.111', 8883, '172.16.31.122', 8883),
(55550, 55560, 2, 1666438057, 1666438103, 'tcp', '192.168.31.141', 56149, '192.168.31.111', 8883, '172.16.31.122', 8883),
(55550, 55560, 2, 1666438099, 1666438160, 'tcp', '192.168.31.141', 44235, '192.168.31.111', 8883, '172.16.31.122', 8883),
(55550, 55560, 2, 1666438156, 1666438175, 'tcp', '192.168.31.141', 48071, '192.168.31.111', 8883, '172.16.31.122', 8883),
(55550, 55560, 2, 1666438331, 1666438500, 'tcp', '192.168.31.141', 43081, '192.168.31.111', 8883, '172.16.31.122', 8883),
(55550, 55560, 2, 1666438511, 1666438698, 'tcp', '192.168.31.141', 37535, '192.168.31.111', 8883, '172.16.31.122', 8883),
(55550, 55560, 2, 1666438991, 1666439026, 'tcp', '192.168.31.141', 40749, '192.168.31.111', 8883, '172.16.31.122', 8883),
(55550, 55560, 2, 1666439094, 1666439790, 'tcp', '192.168.31.141', 48901, '192.168.31.111', 8883, '172.16.31.122', 8883),
(55550, 55560, 2, 1666439794, 1666440454, 'tcp', '192.168.31.141', 58133, '192.168.31.111', 8883, '172.16.31.122', 8883),
(55550, 55560, 2, 1666440454, 1666440501, 'tcp', '192.168.31.141', 38665, '192.168.31.111', 8883, '172.16.31.122', 8883),
(55550, 55560, 2, 1666440544, 1666440604, 'tcp', '192.168.31.141', 57601, '192.168.31.111', 8883, '172.16.31.122', 8883),
(55550, 55560, 2, 1666440600, 1666440725, 'tcp', '192.168.31.141', 43837, '192.168.31.111', 8883, '172.16.31.122', 8883),
(55550, 55560, 2, 1666440721, 1666440794, 'tcp', '192.168.31.141', 44887, '192.168.31.111', 8883, '172.16.31.122', 8883),
(55550, 55560, 2, 1666440790, 1666440869, 'tcp', '192.168.31.141', 60729, '192.168.31.111', 8883, '172.16.31.122', 8883),
(55550, 55560, 2, 1666440867, 1666440877, 'tcp', '192.168.31.141', 51527, '192.168.31.111', 8883, '172.16.31.122', 8883),
(55550, 55560, 2, 1666440903, 1666442722, 'tcp', '192.168.31.141', 43309, '192.168.31.111', 8883, '172.16.31.122', 8883),
(55550, 55561, 2, 1666302322, 1666302516, 'tcp', '192.168.31.132', 54139, '192.168.31.111', 8883, '172.16.31.122', 8883),
(55550, 55561, 2, 1666302731, 1666302751, 'tcp', '192.168.31.132', 46221, '192.168.31.111', 8883, '172.16.31.122', 8883),
(55550, 55561, 2, 1666302731, 1666302749, 'tcp', '192.168.31.132', 51199, '192.168.31.111', 8883, '172.16.31.122', 8883),
(55550, 55561, 2, 1666302731, 1666302755, 'tcp', '192.168.31.132', 59255, '192.168.31.111', 8883, '172.16.31.122', 8883),
(55550, 55561, 2, 1666305446, 1666305729, 'tcp', '192.168.31.142', 60995, '192.168.31.111', 8883, '172.16.31.122', 8883),
(55550, 55561, 2, 1666305784, 1666352268, 'tcp', '192.168.31.142', 43747, '192.168.31.111', 8883, '172.16.31.122', 8883),
(55550, 55561, 2, 1666373593, 1666373603, 'tcp', '192.168.31.142', 37027, '192.168.31.111', 8883, '172.16.31.122', 8883),
(55550, 55561, 2, 1666373696, 1666373706, 'tcp', '192.168.31.142', 40603, '192.168.31.111', 8883, '172.16.31.122', 8883),
(55550, 55561, 2, 1666373734, 1666373806, 'tcp', '192.168.31.142', 60569, '192.168.31.111', 8883, '172.16.31.122', 8883),
(55550, 55561, 2, 1666373804, 1666373944, 'tcp', '192.168.31.142', 33883, '192.168.31.111', 8883, '172.16.31.122', 8883),
(55550, 55561, 2, 1666373940, 1666374298, 'tcp', '192.168.31.142', 55275, '192.168.31.111', 8883, '172.16.31.122', 8883),
(55550, 55561, 2, 1666374316, 1666380987, 'tcp', '192.168.31.142', 33611, '192.168.31.111', 8883, '172.16.31.122', 8883),
(55550, 55561, 2, 1666381002, 1666382629, 'tcp', '192.168.31.142', 33611, '192.168.31.111', 8883, '172.16.31.122', 8883),
(55550, 55561, 2, 1666382643, 1666385474, 'tcp', '192.168.31.142', 39261, '192.168.31.111', 8883, '172.16.31.122', 8883),
(55550, 55561, 2, 1666437320, 1666437330, 'tcp', '192.168.31.142', 58065, '192.168.31.111', 8883, '172.16.31.122', 8883),
(55550, 55561, 2, 1666437410, 1666437420, 'tcp', '192.168.31.142', 41463, '192.168.31.111', 8883, '172.16.31.122', 8883),
(55550, 55561, 2, 1666437503, 1666437515, 'tcp', '192.168.31.142', 39781, '192.168.31.111', 8883, '172.16.31.122', 8883),
(55550, 55561, 2, 1666437672, 1666437766, 'tcp', '192.168.31.142', 40271, '192.168.31.111', 8883, '172.16.31.122', 8883),
(55550, 55561, 2, 1666437762, 1666437834, 'tcp', '192.168.31.142', 57089, '192.168.31.111', 8883, '172.16.31.122', 8883),
(55550, 55561, 2, 1666437828, 1666437848, 'tcp', '192.168.31.142', 55231, '192.168.31.111', 8883, '172.16.31.122', 8883),
(55550, 55561, 2, 1666437928, 1666437965, 'tcp', '192.168.31.142', 36031, '192.168.31.111', 8883, '172.16.31.122', 8883),
(55550, 55561, 2, 1666437995, 1666438056, 'tcp', '192.168.31.142', 57233, '192.168.31.111', 8883, '172.16.31.122', 8883),
(55550, 55561, 2, 1666438058, 1666438103, 'tcp', '192.168.31.142', 33793, '192.168.31.111', 8883, '172.16.31.122', 8883),
(55550, 55561, 2, 1666438099, 1666438160, 'tcp', '192.168.31.142', 51655, '192.168.31.111', 8883, '172.16.31.122', 8883),
(55550, 55561, 2, 1666438157, 1666438175, 'tcp', '192.168.31.142', 44475, '192.168.31.111', 8883, '172.16.31.122', 8883),
(55550, 55561, 2, 1666438331, 1666438500, 'tcp', '192.168.31.142', 45575, '192.168.31.111', 8883, '172.16.31.122', 8883),
(55550, 55561, 2, 1666438511, 1666438698, 'tcp', '192.168.31.142', 54265, '192.168.31.111', 8883, '172.16.31.122', 8883),
(55550, 55561, 2, 1666438991, 1666439026, 'tcp', '192.168.31.142', 41893, '192.168.31.111', 8883, '172.16.31.122', 8883),
(55550, 55561, 2, 1666439094, 1666439790, 'tcp', '192.168.31.142', 41339, '192.168.31.111', 8883, '172.16.31.122', 8883),
(55550, 55561, 2, 1666439794, 1666440454, 'tcp', '192.168.31.142', 46743, '192.168.31.111', 8883, '172.16.31.122', 8883),
(55550, 55561, 2, 1666440455, 1666440501, 'tcp', '192.168.31.142', 59201, '192.168.31.111', 8883, '172.16.31.122', 8883),
(55550, 55561, 2, 1666440544, 1666440604, 'tcp', '192.168.31.142', 55949, '192.168.31.111', 8883, '172.16.31.122', 8883),
(55550, 55561, 2, 1666440601, 1666440725, 'tcp', '192.168.31.142', 33997, '192.168.31.111', 8883, '172.16.31.122', 8883),
(55550, 55561, 2, 1666440722, 1666440794, 'tcp', '192.168.31.142', 57261, '192.168.31.111', 8883, '172.16.31.122', 8883),
(55550, 55561, 2, 1666440790, 1666440869, 'tcp', '192.168.31.142', 42857, '192.168.31.111', 8883, '172.16.31.122', 8883),
(55550, 55561, 2, 1666440868, 1666440877, 'tcp', '192.168.31.142', 33689, '192.168.31.111', 8883, '172.16.31.122', 8883),
(55550, 55561, 2, 1666440903, 1666442722, 'tcp', '192.168.31.142', 39277, '192.168.31.111', 8883, '172.16.31.122', 8883),
(55550, 55562, 2, 1666302525, 1666302564, 'tcp', '192.168.31.132', 40569, '192.168.31.111', 8883, '172.16.31.122', 8883),
(55550, 55562, 2, 1666303369, 1666303413, 'tcp', '192.168.31.132', 33575, '192.168.31.111', 8883, '172.16.31.122', 8883),
(55550, 55562, 2, 1666303369, 1666303413, 'tcp', '192.168.31.132', 37073, '192.168.31.111', 8883, '172.16.31.122', 8883),
(55550, 55562, 2, 1666303369, 1666303413, 'tcp', '192.168.31.132', 37859, '192.168.31.111', 8883, '172.16.31.122', 8883),
(55550, 55562, 2, 1666303369, 1666303413, 'tcp', '192.168.31.132', 43953, '192.168.31.111', 8883, '172.16.31.122', 8883),
(55550, 55562, 2, 1666303415, 1666303682, 'tcp', '192.168.31.132', 33123, '192.168.31.111', 8883, '172.16.31.122', 8883),
(55550, 55562, 2, 1666303415, 1666303682, 'tcp', '192.168.31.132', 39841, '192.168.31.111', 8883, '172.16.31.122', 8883),
(55550, 55562, 2, 1666303415, 1666303682, 'tcp', '192.168.31.132', 41399, '192.168.31.111', 8883, '172.16.31.122', 8883),
(55550, 55562, 2, 1666303415, 1666303682, 'tcp', '192.168.31.132', 49599, '192.168.31.111', 8883, '172.16.31.122', 8883),
(55550, 55562, 2, 1666305446, 1666305729, 'tcp', '192.168.31.143', 49943, '192.168.31.111', 8883, '172.16.31.122', 8883),
(55550, 55562, 2, 1666305784, 1666352268, 'tcp', '192.168.31.143', 53291, '192.168.31.111', 8883, '172.16.31.122', 8883),
(55550, 55562, 2, 1666373940, 1666374298, 'tcp', '192.168.31.143', 56573, '192.168.31.111', 8883, '172.16.31.122', 8883),
(55550, 55562, 2, 1666374316, 1666380987, 'tcp', '192.168.31.143', 36447, '192.168.31.111', 8883, '172.16.31.122', 8883),
(55550, 55562, 2, 1666381002, 1666382629, 'tcp', '192.168.31.143', 36447, '192.168.31.111', 8883, '172.16.31.122', 8883),
(55550, 55562, 2, 1666382643, 1666385474, 'tcp', '192.168.31.143', 58817, '192.168.31.111', 8883, '172.16.31.122', 8883),
(55550, 55562, 2, 1666437320, 1666437330, 'tcp', '192.168.31.143', 60829, '192.168.31.111', 8883, '172.16.31.122', 8883),
(55550, 55562, 2, 1666437410, 1666437420, 'tcp', '192.168.31.143', 39473, '192.168.31.111', 8883, '172.16.31.122', 8883),
(55550, 55562, 2, 1666437503, 1666437515, 'tcp', '192.168.31.143', 40341, '192.168.31.111', 8883, '172.16.31.122', 8883),
(55550, 55562, 2, 1666437672, 1666437766, 'tcp', '192.168.31.143', 50467, '192.168.31.111', 8883, '172.16.31.122', 8883),
(55550, 55562, 2, 1666437762, 1666437834, 'tcp', '192.168.31.143', 57273, '192.168.31.111', 8883, '172.16.31.122', 8883),
(55550, 55562, 2, 1666437828, 1666437848, 'tcp', '192.168.31.143', 37597, '192.168.31.111', 8883, '172.16.31.122', 8883),
(55550, 55562, 2, 1666437928, 1666437965, 'tcp', '192.168.31.143', 57607, '192.168.31.111', 8883, '172.16.31.122', 8883),
(55550, 55562, 2, 1666437994, 1666438056, 'tcp', '192.168.31.143', 37847, '192.168.31.111', 8883, '172.16.31.122', 8883),
(55550, 55562, 2, 1666438058, 1666438103, 'tcp', '192.168.31.143', 51429, '192.168.31.111', 8883, '172.16.31.122', 8883),
(55550, 55562, 2, 1666438098, 1666438160, 'tcp', '192.168.31.143', 35967, '192.168.31.111', 8883, '172.16.31.122', 8883),
(55550, 55562, 2, 1666438156, 1666438175, 'tcp', '192.168.31.143', 39997, '192.168.31.111', 8883, '172.16.31.122', 8883),
(55550, 55562, 2, 1666438331, 1666438500, 'tcp', '192.168.31.143', 47835, '192.168.31.111', 8883, '172.16.31.122', 8883),
(55550, 55562, 2, 1666438511, 1666438698, 'tcp', '192.168.31.143', 34257, '192.168.31.111', 8883, '172.16.31.122', 8883),
(55550, 55562, 2, 1666438991, 1666439026, 'tcp', '192.168.31.143', 56793, '192.168.31.111', 8883, '172.16.31.122', 8883),
(55550, 55562, 2, 1666439094, 1666439790, 'tcp', '192.168.31.143', 42563, '192.168.31.111', 8883, '172.16.31.122', 8883),
(55550, 55562, 2, 1666439794, 1666440454, 'tcp', '192.168.31.143', 50357, '192.168.31.111', 8883, '172.16.31.122', 8883),
(55550, 55562, 2, 1666440454, 1666440501, 'tcp', '192.168.31.143', 48323, '192.168.31.111', 8883, '172.16.31.122', 8883),
(55550, 55562, 2, 1666440544, 1666440604, 'tcp', '192.168.31.143', 60921, '192.168.31.111', 8883, '172.16.31.122', 8883),
(55550, 55562, 2, 1666440601, 1666440725, 'tcp', '192.168.31.143', 37417, '192.168.31.111', 8883, '172.16.31.122', 8883),
(55550, 55562, 2, 1666440721, 1666440794, 'tcp', '192.168.31.143', 57785, '192.168.31.111', 8883, '172.16.31.122', 8883),
(55550, 55562, 2, 1666440790, 1666440869, 'tcp', '192.168.31.143', 44427, '192.168.31.111', 8883, '172.16.31.122', 8883),
(55550, 55562, 2, 1666440867, 1666440877, 'tcp', '192.168.31.143', 39705, '192.168.31.111', 8883, '172.16.31.122', 8883),
(55550, 55562, 2, 1666440903, 1666442722, 'tcp', '192.168.31.143', 53447, '192.168.31.111', 8883, '172.16.31.122', 8883),
(55550, 55563, 2, 1666302567, 1666302589, 'tcp', '192.168.31.132', 38213, '192.168.31.111', 8883, '172.16.31.122', 8883),
(55550, 55563, 2, 1666302915, 1666303299, 'tcp', '192.168.31.132', 36547, '192.168.31.111', 8883, '172.16.31.122', 8883),
(55550, 55563, 2, 1666302915, 1666303299, 'tcp', '192.168.31.132', 42625, '192.168.31.111', 8883, '172.16.31.122', 8883),
(55550, 55563, 2, 1666302915, 1666303299, 'tcp', '192.168.31.132', 55911, '192.168.31.111', 8883, '172.16.31.122', 8883),
(55550, 55563, 2, 1666302915, 1666303299, 'tcp', '192.168.31.132', 58821, '192.168.31.111', 8883, '172.16.31.122', 8883),
(55550, 55563, 2, 1666305120, 1666305431, 'tcp', '192.168.31.132', 44373, '192.168.31.111', 8883, '172.16.31.122', 8883),
(55550, 55563, 2, 1666305120, 1666305431, 'tcp', '192.168.31.132', 44497, '192.168.31.111', 8883, '172.16.31.122', 8883),
(55550, 55563, 2, 1666305120, 1666305431, 'tcp', '192.168.31.132', 49871, '192.168.31.111', 8883, '172.16.31.122', 8883),
(55550, 55563, 2, 1666305446, 1666305729, 'tcp', '192.168.31.144', 36889, '192.168.31.111', 8883, '172.16.31.122', 8883),
(55550, 55563, 2, 1666305784, 1666352268, 'tcp', '192.168.31.144', 37037, '192.168.31.111', 8883, '172.16.31.122', 8883),
(55550, 55563, 2, 1666373940, 1666374298, 'tcp', '192.168.31.144', 34711, '192.168.31.111', 8883, '172.16.31.122', 8883),
(55550, 55563, 2, 1666374316, 1666380987, 'tcp', '192.168.31.144', 57965, '192.168.31.111', 8883, '172.16.31.122', 8883),
(55550, 55563, 2, 1666381002, 1666382629, 'tcp', '192.168.31.144', 57965, '192.168.31.111', 8883, '172.16.31.122', 8883),
(55550, 55563, 2, 1666382643, 1666385474, 'tcp', '192.168.31.144', 33987, '192.168.31.111', 8883, '172.16.31.122', 8883),
(55550, 55563, 2, 1666437320, 1666437330, 'tcp', '192.168.31.144', 48183, '192.168.31.111', 8883, '172.16.31.122', 8883),
(55550, 55563, 2, 1666437410, 1666437420, 'tcp', '192.168.31.144', 41509, '192.168.31.111', 8883, '172.16.31.122', 8883),
(55550, 55563, 2, 1666437504, 1666437515, 'tcp', '192.168.31.144', 56697, '192.168.31.111', 8883, '172.16.31.122', 8883),
(55550, 55563, 2, 1666437672, 1666437766, 'tcp', '192.168.31.144', 35993, '192.168.31.111', 8883, '172.16.31.122', 8883),
(55550, 55563, 2, 1666437762, 1666437834, 'tcp', '192.168.31.144', 35125, '192.168.31.111', 8883, '172.16.31.122', 8883),
(55550, 55563, 2, 1666437829, 1666437848, 'tcp', '192.168.31.144', 39713, '192.168.31.111', 8883, '172.16.31.122', 8883),
(55550, 55563, 2, 1666437929, 1666437965, 'tcp', '192.168.31.144', 52751, '192.168.31.111', 8883, '172.16.31.122', 8883),
(55550, 55563, 2, 1666437995, 1666438056, 'tcp', '192.168.31.144', 60859, '192.168.31.111', 8883, '172.16.31.122', 8883),
(55550, 55563, 2, 1666438058, 1666438103, 'tcp', '192.168.31.144', 38817, '192.168.31.111', 8883, '172.16.31.122', 8883),
(55550, 55563, 2, 1666438098, 1666438160, 'tcp', '192.168.31.144', 60081, '192.168.31.111', 8883, '172.16.31.122', 8883),
(55550, 55563, 2, 1666438156, 1666438175, 'tcp', '192.168.31.144', 45617, '192.168.31.111', 8883, '172.16.31.122', 8883),
(55550, 55563, 2, 1666438331, 1666438500, 'tcp', '192.168.31.144', 39359, '192.168.31.111', 8883, '172.16.31.122', 8883),
(55550, 55563, 2, 1666438511, 1666438698, 'tcp', '192.168.31.144', 39777, '192.168.31.111', 8883, '172.16.31.122', 8883),
(55550, 55563, 2, 1666438991, 1666439026, 'tcp', '192.168.31.144', 33501, '192.168.31.111', 8883, '172.16.31.122', 8883),
(55550, 55563, 2, 1666439094, 1666439790, 'tcp', '192.168.31.144', 41971, '192.168.31.111', 8883, '172.16.31.122', 8883),
(55550, 55563, 2, 1666439798, 1666440454, 'tcp', '192.168.31.144', 59561, '192.168.31.111', 8883, '172.16.31.122', 8883),
(55550, 55563, 2, 1666440454, 1666440466, 'tcp', '192.168.31.144', 55007, '192.168.31.111', 8883, '172.16.31.122', 8883),
(55550, 55563, 2, 1666440544, 1666440556, 'tcp', '192.168.31.144', 53161, '192.168.31.111', 8883, '172.16.31.122', 8883),
(55550, 55563, 2, 1666440600, 1666440725, 'tcp', '192.168.31.144', 59079, '192.168.31.111', 8883, '172.16.31.122', 8883),
(55550, 55563, 2, 1666440721, 1666440794, 'tcp', '192.168.31.144', 44859, '192.168.31.111', 8883, '172.16.31.122', 8883),
(55550, 55563, 2, 1666440790, 1666440869, 'tcp', '192.168.31.144', 40211, '192.168.31.111', 8883, '172.16.31.122', 8883),
(55550, 55563, 2, 1666440868, 1666440909, 'tcp', '192.168.31.144', 59337, '192.168.31.111', 8883, '172.16.31.122', 8883),
(55550, 55563, 2, 1666440904, 1666442722, 'tcp', '192.168.31.144', 53259, '192.168.31.111', 8883, '172.16.31.122', 8883),
(55550, 55564, 2, 1666381216, 1666381428, 'tcp', '192.168.31.121', 51671, '192.168.31.111', 8883, '172.16.31.122', 8883),
(55550, 55564, 2, 1666381424, 1666382567, 'tcp', '192.168.31.121', 45521, '192.168.31.111', 8883, '172.16.31.122', 8883),
(55550, 55564, 2, 1666382561, 1666382629, 'tcp', '192.168.31.121', 36911, '192.168.31.111', 8883, '172.16.31.122', 8883),
(55550, 55564, 2, 1666382689, 1666382753, 'tcp', '192.168.31.121', 40021, '192.168.31.111', 8883, '172.16.31.122', 8883),
(55550, 55564, 2, 1666382747, 1666382773, 'tcp', '192.168.31.121', 51461, '192.168.31.111', 8883, '172.16.31.122', 8883),
(55550, 55564, 2, 1666382767, 1666382794, 'tcp', '192.168.31.121', 32775, '192.168.31.111', 8883, '172.16.31.122', 8883),
(55550, 55564, 2, 1666382790, 1666382861, 'tcp', '192.168.31.121', 50247, '192.168.31.111', 8883, '172.16.31.122', 8883),
(55550, 55564, 2, 1666382855, 1666382961, 'tcp', '192.168.31.121', 46241, '192.168.31.111', 8883, '172.16.31.122', 8883),
(55550, 55564, 2, 1666382955, 1666382965, 'tcp', '192.168.31.121', 56989, '192.168.31.111', 8883, '172.16.31.122', 8883),
(55550, 55564, 2, 1666382993, 1666383013, 'tcp', '192.168.31.121', 38857, '192.168.31.111', 8883, '172.16.31.122', 8883),
(55550, 55564, 2, 1666383017, 1666383074, 'tcp', '192.168.31.121', 37541, '192.168.31.111', 8883, '172.16.31.122', 8883),
(55550, 55564, 2, 1666383645, 1666383665, 'tcp', '192.168.31.121', 49249, '192.168.31.111', 8883, '172.16.31.122', 8883),
(55550, 55564, 2, 1666383662, 1666383691, 'tcp', '192.168.31.121', 52545, '192.168.31.111', 8883, '172.16.31.122', 8883),
(55550, 55564, 2, 1666439828, 1666439885, 'tcp', '192.168.31.121', 45699, '192.168.31.111', 8883, '172.16.31.122', 8883),
(55550, 55564, 2, 1666439897, 1666440141, 'tcp', '192.168.31.121', 38085, '192.168.31.111', 8883, '172.16.31.122', 8883),
(55550, 55564, 2, 1666440137, 1666440171, 'tcp', '192.168.31.121', 53727, '192.168.31.111', 8883, '172.16.31.122', 8883),
(55550, 55564, 2, 1666440165, 1666440178, 'tcp', '192.168.31.121', 44497, '192.168.31.111', 8883, '172.16.31.122', 8883),
(55550, 55564, 2, 1666440174, 1666440226, 'tcp', '192.168.31.121', 43291, '192.168.31.111', 8883, '172.16.31.122', 8883),
(55550, 55564, 2, 1666440222, 1666440233, 'tcp', '192.168.31.121', 37543, '192.168.31.111', 8883, '172.16.31.122', 8883),
(55550, 55564, 2, 1666440229, 1666440242, 'tcp', '192.168.31.121', 45605, '192.168.31.111', 8883, '172.16.31.122', 8883),
(55550, 55564, 2, 1666440240, 1666440353, 'tcp', '192.168.31.121', 41795, '192.168.31.111', 8883, '172.16.31.122', 8883),
(55550, 55564, 2, 1666440938, 1666441001, 'tcp', '192.168.31.121', 60353, '192.168.31.111', 8883, '172.16.31.122', 8883),
(55550, 55564, 2, 1666441001, 1666441409, 'tcp', '192.168.31.121', 60939, '192.168.31.111', 8883, '172.16.31.122', 8883),
(55550, 55564, 2, 1666457511, 1666457624, 'tcp', '192.168.31.121', 44039, '192.168.31.111', 8883, '172.16.31.122', 8883),
(55550, 55564, 2, 1666457668, 1666458544, 'tcp', '192.168.31.121', 45881, '192.168.31.111', 8883, '172.16.31.122', 8883),
(55550, 55565, 3, 1666357652, 1666357662, 'tcp', '192.168.31.131', 51878, '192.168.31.111', 443, '172.16.31.121', 443),
(55550, 55565, 3, 1666357791, 1666357802, 'tcp', '192.168.31.131', 51882, '192.168.31.111', 443, '172.16.31.121', 443),
(55550, 55565, 3, 1666357791, 1666357802, 'tcp', '192.168.31.131', 51884, '192.168.31.111', 443, '172.16.31.121', 443),
(55550, 55565, 3, 1666357791, 1666357802, 'tcp', '192.168.31.131', 51886, '192.168.31.111', 443, '172.16.31.121', 443),
(55550, 55565, 3, 1666357791, 1666357802, 'tcp', '192.168.31.131', 51888, '192.168.31.111', 443, '172.16.31.121', 443),
(55550, 55565, 3, 1666357791, 1666357802, 'tcp', '192.168.31.131', 51890, '192.168.31.111', 443, '172.16.31.121', 443),
(55550, 55565, 3, 1666357791, 1666357802, 'tcp', '192.168.31.131', 51892, '192.168.31.111', 443, '172.16.31.121', 443),
(55550, 55565, 3, 1666357791, 1666357802, 'tcp', '192.168.31.131', 51894, '192.168.31.111', 443, '172.16.31.121', 443),
(55550, 55565, 3, 1666357791, 1666357802, 'tcp', '192.168.31.131', 51896, '192.168.31.111', 443, '172.16.31.121', 443),
(55550, 55565, 3, 1666357791, 1666357802, 'tcp', '192.168.31.131', 51898, '192.168.31.111', 443, '172.16.31.121', 443),
(55550, 55565, 3, 1666357791, 1666357802, 'tcp', '192.168.31.131', 51900, '192.168.31.111', 443, '172.16.31.121', 443),
(55550, 55565, 3, 1666357791, 1666357802, 'tcp', '192.168.31.131', 51902, '192.168.31.111', 443, '172.16.31.121', 443),
(55550, 55565, 3, 1666357791, 1666357802, 'tcp', '192.168.31.131', 51904, '192.168.31.111', 443, '172.16.31.121', 443),
(55550, 55565, 3, 1666357791, 1666357802, 'tcp', '192.168.31.131', 51906, '192.168.31.111', 443, '172.16.31.121', 443),
(55550, 55565, 3, 1666357791, 1666357802, 'tcp', '192.168.31.131', 51908, '192.168.31.111', 443, '172.16.31.121', 443),
(55550, 55565, 3, 1666357791, 1666357802, 'tcp', '192.168.31.131', 51910, '192.168.31.111', 443, '172.16.31.121', 443),
(55550, 55565, 3, 1666357791, 1666357802, 'tcp', '192.168.31.131', 51912, '192.168.31.111', 443, '172.16.31.121', 443),
(55550, 55565, 3, 1666357791, 1666357802, 'tcp', '192.168.31.131', 51914, '192.168.31.111', 443, '172.16.31.121', 443),
(55550, 55565, 3, 1666357791, 1666357802, 'tcp', '192.168.31.131', 51916, '192.168.31.111', 443, '172.16.31.121', 443),
(55550, 55565, 3, 1666357791, 1666357802, 'tcp', '192.168.31.131', 51918, '192.168.31.111', 443, '172.16.31.121', 443),
(55550, 55565, 3, 1666357791, 1666357802, 'tcp', '192.168.31.131', 51920, '192.168.31.111', 443, '172.16.31.121', 443),
(55550, 55565, 3, 1666357793, 1666357802, 'tcp', '192.168.31.131', 51922, '192.168.31.111', 443, '172.16.31.121', 443),
(55550, 55565, 3, 1666357793, 1666357802, 'tcp', '192.168.31.131', 51924, '192.168.31.111', 443, '172.16.31.121', 443),
(55550, 55565, 3, 1666357793, 1666357802, 'tcp', '192.168.31.131', 51926, '192.168.31.111', 443, '172.16.31.121', 443),
(55550, 55565, 3, 1666357793, 1666357804, 'tcp', '192.168.31.131', 51928, '192.168.31.111', 443, '172.16.31.121', 443),
(55550, 55565, 3, 1666357793, 1666357804, 'tcp', '192.168.31.131', 51930, '192.168.31.111', 443, '172.16.31.121', 443),
(55550, 55565, 3, 1666357793, 1666357804, 'tcp', '192.168.31.131', 51932, '192.168.31.111', 443, '172.16.31.121', 443),
(55550, 55565, 3, 1666357793, 1666357804, 'tcp', '192.168.31.131', 51934, '192.168.31.111', 443, '172.16.31.121', 443),
(55550, 55565, 3, 1666357793, 1666357804, 'tcp', '192.168.31.131', 51936, '192.168.31.111', 443, '172.16.31.121', 443),
(55550, 55565, 3, 1666357793, 1666357804, 'tcp', '192.168.31.131', 51938, '192.168.31.111', 443, '172.16.31.121', 443),
(55550, 55565, 3, 1666357793, 1666357804, 'tcp', '192.168.31.131', 51940, '192.168.31.111', 443, '172.16.31.121', 443),
(55550, 55565, 3, 1666357793, 1666357804, 'tcp', '192.168.31.131', 51942, '192.168.31.111', 443, '172.16.31.121', 443),
(55550, 55565, 3, 1666357793, 1666357804, 'tcp', '192.168.31.131', 51944, '192.168.31.111', 443, '172.16.31.121', 443),
(55550, 55565, 3, 1666357793, 1666357804, 'tcp', '192.168.31.131', 51946, '192.168.31.111', 443, '172.16.31.121', 443),
(55550, 55565, 3, 1666357793, 1666357804, 'tcp', '192.168.31.131', 51948, '192.168.31.111', 443, '172.16.31.121', 443),
(55550, 55565, 3, 1666357793, 1666357804, 'tcp', '192.168.31.131', 51950, '192.168.31.111', 443, '172.16.31.121', 443),
(55550, 55565, 3, 1666357793, 1666357804, 'tcp', '192.168.31.131', 51952, '192.168.31.111', 443, '172.16.31.121', 443),
(55550, 55565, 3, 1666357793, 1666357804, 'tcp', '192.168.31.131', 51954, '192.168.31.111', 443, '172.16.31.121', 443),
(55550, 55565, 3, 1666357793, 1666357804, 'tcp', '192.168.31.131', 51956, '192.168.31.111', 443, '172.16.31.121', 443),
(55550, 55565, 3, 1666357793, 1666357804, 'tcp', '192.168.31.131', 51958, '192.168.31.111', 443, '172.16.31.121', 443),
(55550, 55565, 3, 1666357793, 1666357804, 'tcp', '192.168.31.131', 51960, '192.168.31.111', 443, '172.16.31.121', 443),
(55550, 55565, 3, 1666357793, 1666357804, 'tcp', '192.168.31.131', 51962, '192.168.31.111', 443, '172.16.31.121', 443),
(55550, 55565, 3, 1666357793, 1666357804, 'tcp', '192.168.31.131', 51964, '192.168.31.111', 443, '172.16.31.121', 443),
(55550, 55565, 3, 1666357793, 1666357804, 'tcp', '192.168.31.131', 51966, '192.168.31.111', 443, '172.16.31.121', 443),
(55550, 55565, 3, 1666357793, 1666357804, 'tcp', '192.168.31.131', 51968, '192.168.31.111', 443, '172.16.31.121', 443),
(55550, 55565, 3, 1666357793, 1666357804, 'tcp', '192.168.31.131', 51970, '192.168.31.111', 443, '172.16.31.121', 443),
(55550, 55565, 3, 1666357793, 1666357804, 'tcp', '192.168.31.131', 51972, '192.168.31.111', 443, '172.16.31.121', 443),
(55550, 55565, 3, 1666357793, 1666357804, 'tcp', '192.168.31.131', 51974, '192.168.31.111', 443, '172.16.31.121', 443),
(55550, 55565, 3, 1666357793, 1666357804, 'tcp', '192.168.31.131', 51976, '192.168.31.111', 443, '172.16.31.121', 443),
(55550, 55565, 3, 1666357793, 1666357804, 'tcp', '192.168.31.131', 51978, '192.168.31.111', 443, '172.16.31.121', 443),
(55550, 55565, 3, 1666357793, 1666357804, 'tcp', '192.168.31.131', 51980, '192.168.31.111', 443, '172.16.31.121', 443),
(55550, 55565, 3, 1666357793, 1666357804, 'tcp', '192.168.31.131', 51982, '192.168.31.111', 443, '172.16.31.121', 443),
(55550, 55565, 3, 1666357793, 1666357804, 'tcp', '192.168.31.131', 51984, '192.168.31.111', 443, '172.16.31.121', 443),
(55550, 55565, 3, 1666357793, 1666357804, 'tcp', '192.168.31.131', 51986, '192.168.31.111', 443, '172.16.31.121', 443),
(55550, 55565, 3, 1666357795, 1666357804, 'tcp', '192.168.31.131', 51988, '192.168.31.111', 443, '172.16.31.121', 443),
(55550, 55565, 3, 1666357795, 1666357804, 'tcp', '192.168.31.131', 51990, '192.168.31.111', 443, '172.16.31.121', 443),
(55550, 55565, 3, 1666357795, 1666357804, 'tcp', '192.168.31.131', 51992, '192.168.31.111', 443, '172.16.31.121', 443),
(55550, 55565, 3, 1666357795, 1666357804, 'tcp', '192.168.31.131', 51994, '192.168.31.111', 443, '172.16.31.121', 443),
(55550, 55565, 3, 1666357795, 1666357806, 'tcp', '192.168.31.131', 51996, '192.168.31.111', 443, '172.16.31.121', 443),
(55550, 55565, 3, 1666357795, 1666357806, 'tcp', '192.168.31.131', 51998, '192.168.31.111', 443, '172.16.31.121', 443),
(55550, 55565, 3, 1666357795, 1666357806, 'tcp', '192.168.31.131', 52000, '192.168.31.111', 443, '172.16.31.121', 443),
(55550, 55565, 3, 1666357795, 1666357806, 'tcp', '192.168.31.131', 52002, '192.168.31.111', 443, '172.16.31.121', 443),
(55550, 55565, 3, 1666357795, 1666357806, 'tcp', '192.168.31.131', 52004, '192.168.31.111', 443, '172.16.31.121', 443),
(55550, 55565, 3, 1666357795, 1666357806, 'tcp', '192.168.31.131', 52006, '192.168.31.111', 443, '172.16.31.121', 443),
(55550, 55565, 3, 1666357795, 1666357806, 'tcp', '192.168.31.131', 52008, '192.168.31.111', 443, '172.16.31.121', 443),
(55550, 55565, 3, 1666357795, 1666357806, 'tcp', '192.168.31.131', 52010, '192.168.31.111', 443, '172.16.31.121', 443),
(55550, 55565, 3, 1666357795, 1666357806, 'tcp', '192.168.31.131', 52012, '192.168.31.111', 443, '172.16.31.121', 443),
(55550, 55565, 3, 1666357795, 1666357806, 'tcp', '192.168.31.131', 52014, '192.168.31.111', 443, '172.16.31.121', 443),
(55550, 55565, 3, 1666357795, 1666357806, 'tcp', '192.168.31.131', 52016, '192.168.31.111', 443, '172.16.31.121', 443),
(55550, 55565, 3, 1666357795, 1666357806, 'tcp', '192.168.31.131', 52018, '192.168.31.111', 443, '172.16.31.121', 443),
(55550, 55565, 3, 1666357795, 1666357806, 'tcp', '192.168.31.131', 52020, '192.168.31.111', 443, '172.16.31.121', 443),
(55550, 55565, 3, 1666357795, 1666357806, 'tcp', '192.168.31.131', 52022, '192.168.31.111', 443, '172.16.31.121', 443),
(55550, 55565, 3, 1666357795, 1666357806, 'tcp', '192.168.31.131', 52024, '192.168.31.111', 443, '172.16.31.121', 443),
(55550, 55565, 3, 1666357795, 1666357806, 'tcp', '192.168.31.131', 52026, '192.168.31.111', 443, '172.16.31.121', 443),
(55550, 55565, 3, 1666357795, 1666357806, 'tcp', '192.168.31.131', 52028, '192.168.31.111', 443, '172.16.31.121', 443),
(55550, 55565, 3, 1666357795, 1666357806, 'tcp', '192.168.31.131', 52030, '192.168.31.111', 443, '172.16.31.121', 443),
(55550, 55565, 3, 1666357795, 1666357806, 'tcp', '192.168.31.131', 52032, '192.168.31.111', 443, '172.16.31.121', 443),
(55550, 55565, 3, 1666357795, 1666357806, 'tcp', '192.168.31.131', 52034, '192.168.31.111', 443, '172.16.31.121', 443),
(55550, 55565, 3, 1666357795, 1666357806, 'tcp', '192.168.31.131', 52036, '192.168.31.111', 443, '172.16.31.121', 443),
(55550, 55565, 3, 1666357795, 1666357806, 'tcp', '192.168.31.131', 52038, '192.168.31.111', 443, '172.16.31.121', 443),
(55550, 55565, 3, 1666357795, 1666357806, 'tcp', '192.168.31.131', 52040, '192.168.31.111', 443, '172.16.31.121', 443),
(55550, 55565, 3, 1666357795, 1666357806, 'tcp', '192.168.31.131', 52042, '192.168.31.111', 443, '172.16.31.121', 443),
(55550, 55565, 3, 1666357795, 1666357806, 'tcp', '192.168.31.131', 52044, '192.168.31.111', 443, '172.16.31.121', 443),
(55550, 55565, 3, 1666357795, 1666357806, 'tcp', '192.168.31.131', 52046, '192.168.31.111', 443, '172.16.31.121', 443),
(55550, 55565, 3, 1666357795, 1666357806, 'tcp', '192.168.31.131', 52048, '192.168.31.111', 443, '172.16.31.121', 443),
(55550, 55565, 3, 1666357795, 1666357806, 'tcp', '192.168.31.131', 52050, '192.168.31.111', 443, '172.16.31.121', 443),
(55550, 55565, 3, 1666357795, 1666357806, 'tcp', '192.168.31.131', 52052, '192.168.31.111', 443, '172.16.31.121', 443),
(55550, 55565, 3, 1666357795, 1666357806, 'tcp', '192.168.31.131', 52054, '192.168.31.111', 443, '172.16.31.121', 443),
(55550, 55565, 3, 1666357795, 1666357806, 'tcp', '192.168.31.131', 52056, '192.168.31.111', 443, '172.16.31.121', 443),
(55550, 55565, 3, 1666357795, 1666357806, 'tcp', '192.168.31.131', 52058, '192.168.31.111', 443, '172.16.31.121', 443),
(55550, 55565, 3, 1666357795, 1666357806, 'tcp', '192.168.31.131', 52060, '192.168.31.111', 443, '172.16.31.121', 443),
(55550, 55565, 3, 1666357797, 1666357806, 'tcp', '192.168.31.131', 52062, '192.168.31.111', 443, '172.16.31.121', 443),
(55550, 55565, 3, 1666357797, 1666357806, 'tcp', '192.168.31.131', 52064, '192.168.31.111', 443, '172.16.31.121', 443),
(55550, 55565, 3, 1666357797, 1666357806, 'tcp', '192.168.31.131', 52066, '192.168.31.111', 443, '172.16.31.121', 443),
(55550, 55565, 3, 1666357797, 1666357806, 'tcp', '192.168.31.131', 52068, '192.168.31.111', 443, '172.16.31.121', 443),
(55550, 55565, 3, 1666357797, 1666357806, 'tcp', '192.168.31.131', 52070, '192.168.31.111', 443, '172.16.31.121', 443),
(55550, 55565, 3, 1666357797, 1666357808, 'tcp', '192.168.31.131', 52072, '192.168.31.111', 443, '172.16.31.121', 443),
(55550, 55565, 3, 1666357797, 1666357808, 'tcp', '192.168.31.131', 52074, '192.168.31.111', 443, '172.16.31.121', 443),
(55550, 55565, 3, 1666357797, 1666357808, 'tcp', '192.168.31.131', 52076, '192.168.31.111', 443, '172.16.31.121', 443),
(55550, 55565, 3, 1666357797, 1666357808, 'tcp', '192.168.31.131', 52078, '192.168.31.111', 443, '172.16.31.121', 443),
(55550, 55565, 3, 1666357797, 1666357808, 'tcp', '192.168.31.131', 52080, '192.168.31.111', 443, '172.16.31.121', 443),
(55550, 55565, 3, 1666357797, 1666357808, 'tcp', '192.168.31.131', 52082, '192.168.31.111', 443, '172.16.31.121', 443),
(55550, 55565, 3, 1666357797, 1666357808, 'tcp', '192.168.31.131', 52084, '192.168.31.111', 443, '172.16.31.121', 443),
(55550, 55565, 3, 1666357797, 1666357808, 'tcp', '192.168.31.131', 52086, '192.168.31.111', 443, '172.16.31.121', 443),
(55550, 55565, 3, 1666357797, 1666357808, 'tcp', '192.168.31.131', 52088, '192.168.31.111', 443, '172.16.31.121', 443),
(55550, 55565, 3, 1666357797, 1666357808, 'tcp', '192.168.31.131', 52090, '192.168.31.111', 443, '172.16.31.121', 443),
(55550, 55565, 3, 1666357797, 1666357808, 'tcp', '192.168.31.131', 52092, '192.168.31.111', 443, '172.16.31.121', 443),
(55550, 55565, 3, 1666357797, 1666357808, 'tcp', '192.168.31.131', 52094, '192.168.31.111', 443, '172.16.31.121', 443),
(55550, 55565, 3, 1666357797, 1666357808, 'tcp', '192.168.31.131', 52096, '192.168.31.111', 443, '172.16.31.121', 443),
(55550, 55565, 3, 1666357797, 1666357808, 'tcp', '192.168.31.131', 52098, '192.168.31.111', 443, '172.16.31.121', 443),
(55550, 55565, 3, 1666357797, 1666357808, 'tcp', '192.168.31.131', 52100, '192.168.31.111', 443, '172.16.31.121', 443),
(55550, 55565, 3, 1666357797, 1666357808, 'tcp', '192.168.31.131', 52102, '192.168.31.111', 443, '172.16.31.121', 443),
(55550, 55565, 3, 1666357797, 1666357808, 'tcp', '192.168.31.131', 52104, '192.168.31.111', 443, '172.16.31.121', 443),
(55550, 55565, 3, 1666357811, 1666357821, 'tcp', '192.168.31.131', 52108, '192.168.31.111', 443, '172.16.31.121', 443),
(55550, 55565, 3, 1666357830, 1666357840, 'tcp', '192.168.31.131', 52112, '192.168.31.111', 443, '172.16.31.121', 443),
(55550, 55565, 3, 1666357832, 1666357842, 'tcp', '192.168.31.131', 52114, '192.168.31.111', 443, '172.16.31.121', 443),
(55550, 55565, 3, 1666357836, 1666357846, 'tcp', '192.168.31.131', 52116, '192.168.31.111', 443, '172.16.31.121', 443),
(55550, 55565, 3, 1666357840, 1666357850, 'tcp', '192.168.31.131', 52118, '192.168.31.111', 443, '172.16.31.121', 443),
(55550, 55565, 3, 1666357842, 1666357852, 'tcp', '192.168.31.131', 52120, '192.168.31.111', 443, '172.16.31.121', 443),
(55550, 55565, 3, 1666357846, 1666357856, 'tcp', '192.168.31.131', 52122, '192.168.31.111', 443, '172.16.31.121', 443),
(55550, 55565, 3, 1666357848, 1666357858, 'tcp', '192.168.31.131', 52124, '192.168.31.111', 443, '172.16.31.121', 443),
(55550, 55565, 3, 1666357852, 1666357862, 'tcp', '192.168.31.131', 52126, '192.168.31.111', 443, '172.16.31.121', 443),
(55550, 55565, 3, 1666357854, 1666357864, 'tcp', '192.168.31.131', 52128, '192.168.31.111', 443, '172.16.31.121', 443),
(55550, 55565, 3, 1666360006, 1666360016, 'tcp', '192.168.31.131', 52276, '192.168.31.111', 443, '172.16.31.121', 443),
(55550, 55565, 3, 1666360006, 1666360016, 'tcp', '192.168.31.131', 52278, '192.168.31.111', 443, '172.16.31.121', 443),
(55550, 55565, 3, 1666360008, 1666360018, 'tcp', '192.168.31.131', 52280, '192.168.31.111', 443, '172.16.31.121', 443),
(55550, 55565, 3, 1666360008, 1666360018, 'tcp', '192.168.31.131', 52282, '192.168.31.111', 443, '172.16.31.121', 443),
(55550, 55565, 3, 1666360008, 1666360018, 'tcp', '192.168.31.131', 52284, '192.168.31.111', 443, '172.16.31.121', 443),
(55550, 55565, 3, 1666360008, 1666360018, 'tcp', '192.168.31.131', 52286, '192.168.31.111', 443, '172.16.31.121', 443),
(55550, 55565, 3, 1666360010, 1666360020, 'tcp', '192.168.31.131', 52288, '192.168.31.111', 443, '172.16.31.121', 443),
(55550, 55565, 3, 1666360010, 1666360020, 'tcp', '192.168.31.131', 52290, '192.168.31.111', 443, '172.16.31.121', 443),
(55550, 55565, 3, 1666360010, 1666360020, 'tcp', '192.168.31.131', 52292, '192.168.31.111', 443, '172.16.31.121', 443),
(55550, 55565, 3, 1666360010, 1666360020, 'tcp', '192.168.31.131', 52294, '192.168.31.111', 443, '172.16.31.121', 443),
(55550, 55565, 3, 1666360012, 1666360022, 'tcp', '192.168.31.131', 52296, '192.168.31.111', 443, '172.16.31.121', 443),
(55550, 55565, 3, 1666360012, 1666360022, 'tcp', '192.168.31.131', 52298, '192.168.31.111', 443, '172.16.31.121', 443),
(55550, 55565, 3, 1666360012, 1666360022, 'tcp', '192.168.31.131', 52300, '192.168.31.111', 443, '172.16.31.121', 443),
(55550, 55565, 3, 1666360012, 1666360022, 'tcp', '192.168.31.131', 52302, '192.168.31.111', 443, '172.16.31.121', 443),
(55550, 55565, 3, 1666360014, 1666360024, 'tcp', '192.168.31.131', 52304, '192.168.31.111', 443, '172.16.31.121', 443),
(55550, 55565, 3, 1666360014, 1666360024, 'tcp', '192.168.31.131', 52306, '192.168.31.111', 443, '172.16.31.121', 443),
(55550, 55565, 3, 1666360014, 1666360024, 'tcp', '192.168.31.131', 52308, '192.168.31.111', 443, '172.16.31.121', 443),
(55550, 55565, 3, 1666360016, 1666360024, 'tcp', '192.168.31.131', 52310, '192.168.31.111', 443, '172.16.31.121', 443),
(55550, 55565, 3, 1666360016, 1666360026, 'tcp', '192.168.31.131', 52312, '192.168.31.111', 443, '172.16.31.121', 443),
(55550, 55565, 3, 1666360016, 1666360026, 'tcp', '192.168.31.131', 52314, '192.168.31.111', 443, '172.16.31.121', 443),
(55550, 55565, 3, 1666360018, 1666360028, 'tcp', '192.168.31.131', 52316, '192.168.31.111', 443, '172.16.31.121', 443),
(55550, 55565, 3, 1666360018, 1666360028, 'tcp', '192.168.31.131', 52318, '192.168.31.111', 443, '172.16.31.121', 443),
(55550, 55565, 3, 1666360018, 1666360028, 'tcp', '192.168.31.131', 52320, '192.168.31.111', 443, '172.16.31.121', 443),
(55550, 55565, 3, 1666360018, 1666360028, 'tcp', '192.168.31.131', 52322, '192.168.31.111', 443, '172.16.31.121', 443),
(55550, 55565, 3, 1666360020, 1666360030, 'tcp', '192.168.31.131', 52324, '192.168.31.111', 443, '172.16.31.121', 443),
(55550, 55565, 3, 1666360020, 1666360030, 'tcp', '192.168.31.131', 52326, '192.168.31.111', 443, '172.16.31.121', 443),
(55550, 55565, 3, 1666360020, 1666360030, 'tcp', '192.168.31.131', 52328, '192.168.31.111', 443, '172.16.31.121', 443),
(55550, 55565, 3, 1666360020, 1666360030, 'tcp', '192.168.31.131', 52330, '192.168.31.111', 443, '172.16.31.121', 443),
(55550, 55565, 3, 1666360022, 1666360032, 'tcp', '192.168.31.131', 52332, '192.168.31.111', 443, '172.16.31.121', 443),
(55550, 55565, 3, 1666360022, 1666360032, 'tcp', '192.168.31.131', 52334, '192.168.31.111', 443, '172.16.31.121', 443),
(55550, 55565, 3, 1666360022, 1666360032, 'tcp', '192.168.31.131', 52336, '192.168.31.111', 443, '172.16.31.121', 443),
(55550, 55565, 3, 1666360022, 1666360032, 'tcp', '192.168.31.131', 52338, '192.168.31.111', 443, '172.16.31.121', 443),
(55550, 55565, 3, 1666360024, 1666360034, 'tcp', '192.168.31.131', 52340, '192.168.31.111', 443, '172.16.31.121', 443),
(55550, 55565, 3, 1666360024, 1666360034, 'tcp', '192.168.31.131', 52342, '192.168.31.111', 443, '172.16.31.121', 443),
(55550, 55565, 3, 1666360024, 1666360034, 'tcp', '192.168.31.131', 52344, '192.168.31.111', 443, '172.16.31.121', 443),
(55550, 55565, 3, 1666360026, 1666360036, 'tcp', '192.168.31.131', 52346, '192.168.31.111', 443, '172.16.31.121', 443),
(55550, 55565, 3, 1666360026, 1666360036, 'tcp', '192.168.31.131', 52348, '192.168.31.111', 443, '172.16.31.121', 443),
(55550, 55565, 3, 1666360026, 1666360036, 'tcp', '192.168.31.131', 52350, '192.168.31.111', 443, '172.16.31.121', 443),
(55550, 55565, 3, 1666360028, 1666360038, 'tcp', '192.168.31.131', 52352, '192.168.31.111', 443, '172.16.31.121', 443),
(55550, 55565, 3, 1666360028, 1666360038, 'tcp', '192.168.31.131', 52354, '192.168.31.111', 443, '172.16.31.121', 443),
(55550, 55565, 3, 1666360028, 1666360038, 'tcp', '192.168.31.131', 52356, '192.168.31.111', 443, '172.16.31.121', 443),
(55550, 55565, 3, 1666360028, 1666360038, 'tcp', '192.168.31.131', 52358, '192.168.31.111', 443, '172.16.31.121', 443),
(55550, 55565, 3, 1666360030, 1666360040, 'tcp', '192.168.31.131', 52360, '192.168.31.111', 443, '172.16.31.121', 443),
(55550, 55565, 3, 1666360030, 1666360040, 'tcp', '192.168.31.131', 52362, '192.168.31.111', 443, '172.16.31.121', 443),
(55550, 55565, 3, 1666360030, 1666360040, 'tcp', '192.168.31.131', 52364, '192.168.31.111', 443, '172.16.31.121', 443),
(55550, 55565, 3, 1666360030, 1666360040, 'tcp', '192.168.31.131', 52366, '192.168.31.111', 443, '172.16.31.121', 443),
(55550, 55565, 3, 1666360032, 1666360042, 'tcp', '192.168.31.131', 52368, '192.168.31.111', 443, '172.16.31.121', 443),
(55550, 55565, 3, 1666360032, 1666360042, 'tcp', '192.168.31.131', 52370, '192.168.31.111', 443, '172.16.31.121', 443),
(55550, 55565, 3, 1666360082, 1666360092, 'tcp', '192.168.31.131', 52376, '192.168.31.111', 443, '172.16.31.121', 443),
(55550, 55565, 3, 1666360082, 1666360092, 'tcp', '192.168.31.131', 52378, '192.168.31.111', 443, '172.16.31.121', 443),
(55550, 55565, 3, 1666360084, 1666360092, 'tcp', '192.168.31.131', 52380, '192.168.31.111', 443, '172.16.31.121', 443),
(55550, 55565, 3, 1666360084, 1666360092, 'tcp', '192.168.31.131', 52382, '192.168.31.111', 443, '172.16.31.121', 443),
(55550, 55565, 3, 1666360084, 1666360094, 'tcp', '192.168.31.131', 52384, '192.168.31.111', 443, '172.16.31.121', 443),
(55550, 55565, 3, 1666360084, 1666360094, 'tcp', '192.168.31.131', 52386, '192.168.31.111', 443, '172.16.31.121', 443),
(55550, 55565, 3, 1666360086, 1666360096, 'tcp', '192.168.31.131', 52388, '192.168.31.111', 443, '172.16.31.121', 443),
(55550, 55565, 3, 1666360086, 1666360096, 'tcp', '192.168.31.131', 52390, '192.168.31.111', 443, '172.16.31.121', 443),
(55550, 55565, 3, 1666360086, 1666360096, 'tcp', '192.168.31.131', 52392, '192.168.31.111', 443, '172.16.31.121', 443),
(55550, 55565, 3, 1666360086, 1666360096, 'tcp', '192.168.31.131', 52394, '192.168.31.111', 443, '172.16.31.121', 443),
(55550, 55565, 3, 1666360088, 1666360098, 'tcp', '192.168.31.131', 52396, '192.168.31.111', 443, '172.16.31.121', 443),
(55550, 55565, 3, 1666360088, 1666360098, 'tcp', '192.168.31.131', 52398, '192.168.31.111', 443, '172.16.31.121', 443),
(55550, 55565, 3, 1666360088, 1666360098, 'tcp', '192.168.31.131', 52400, '192.168.31.111', 443, '172.16.31.121', 443),
(55550, 55565, 3, 1666360088, 1666360098, 'tcp', '192.168.31.131', 52402, '192.168.31.111', 443, '172.16.31.121', 443),
(55550, 55565, 3, 1666360090, 1666360100, 'tcp', '192.168.31.131', 52404, '192.168.31.111', 443, '172.16.31.121', 443),
(55550, 55565, 3, 1666360090, 1666360100, 'tcp', '192.168.31.131', 52406, '192.168.31.111', 443, '172.16.31.121', 443),
(55550, 55565, 3, 1666360090, 1666360100, 'tcp', '192.168.31.131', 52408, '192.168.31.111', 443, '172.16.31.121', 443),
(55550, 55565, 3, 1666360090, 1666360100, 'tcp', '192.168.31.131', 52410, '192.168.31.111', 443, '172.16.31.121', 443),
(55550, 55565, 3, 1666360092, 1666360102, 'tcp', '192.168.31.131', 52412, '192.168.31.111', 443, '172.16.31.121', 443),
(55550, 55565, 3, 1666360092, 1666360102, 'tcp', '192.168.31.131', 52414, '192.168.31.111', 443, '172.16.31.121', 443),
(55550, 55565, 3, 1666360092, 1666360102, 'tcp', '192.168.31.131', 52416, '192.168.31.111', 443, '172.16.31.121', 443),
(55550, 55565, 3, 1666360094, 1666360102, 'tcp', '192.168.31.131', 52418, '192.168.31.111', 443, '172.16.31.121', 443),
(55550, 55565, 3, 1666360094, 1666360105, 'tcp', '192.168.31.131', 52420, '192.168.31.111', 443, '172.16.31.121', 443),
(55550, 55565, 3, 1666360094, 1666360105, 'tcp', '192.168.31.131', 52422, '192.168.31.111', 443, '172.16.31.121', 443),
(55550, 55565, 3, 1666360096, 1666360107, 'tcp', '192.168.31.131', 52424, '192.168.31.111', 443, '172.16.31.121', 443),
(55550, 55565, 3, 1666360096, 1666360107, 'tcp', '192.168.31.131', 52426, '192.168.31.111', 443, '172.16.31.121', 443),
(55550, 55565, 3, 1666360096, 1666360107, 'tcp', '192.168.31.131', 52428, '192.168.31.111', 443, '172.16.31.121', 443),
(55550, 55565, 3, 1666360096, 1666360107, 'tcp', '192.168.31.131', 52430, '192.168.31.111', 443, '172.16.31.121', 443),
(55550, 55565, 3, 1666360098, 1666360109, 'tcp', '192.168.31.131', 52432, '192.168.31.111', 443, '172.16.31.121', 443),
(55550, 55565, 3, 1666360098, 1666360109, 'tcp', '192.168.31.131', 52434, '192.168.31.111', 443, '172.16.31.121', 443),
(55550, 55565, 3, 1666360098, 1666360109, 'tcp', '192.168.31.131', 52436, '192.168.31.111', 443, '172.16.31.121', 443),
(55550, 55565, 3, 1666360098, 1666360109, 'tcp', '192.168.31.131', 52438, '192.168.31.111', 443, '172.16.31.121', 443),
(55550, 55565, 3, 1666360100, 1666360111, 'tcp', '192.168.31.131', 52440, '192.168.31.111', 443, '172.16.31.121', 443),
(55550, 55565, 3, 1666360100, 1666360111, 'tcp', '192.168.31.131', 52442, '192.168.31.111', 443, '172.16.31.121', 443),
(55550, 55565, 3, 1666360100, 1666360111, 'tcp', '192.168.31.131', 52444, '192.168.31.111', 443, '172.16.31.121', 443),
(55550, 55565, 3, 1666360100, 1666360111, 'tcp', '192.168.31.131', 52446, '192.168.31.111', 443, '172.16.31.121', 443),
(55550, 55565, 3, 1666360102, 1666360113, 'tcp', '192.168.31.131', 52448, '192.168.31.111', 443, '172.16.31.121', 443),
(55550, 55565, 3, 1666360102, 1666360113, 'tcp', '192.168.31.131', 52450, '192.168.31.111', 443, '172.16.31.121', 443),
(55550, 55565, 3, 1666360102, 1666360113, 'tcp', '192.168.31.131', 52452, '192.168.31.111', 443, '172.16.31.121', 443),
(55550, 55565, 3, 1666360105, 1666360113, 'tcp', '192.168.31.131', 52454, '192.168.31.111', 443, '172.16.31.121', 443),
(55550, 55565, 3, 1666360105, 1666360115, 'tcp', '192.168.31.131', 52456, '192.168.31.111', 443, '172.16.31.121', 443),
(55550, 55565, 3, 1666360105, 1666360115, 'tcp', '192.168.31.131', 52458, '192.168.31.111', 443, '172.16.31.121', 443),
(55550, 55565, 3, 1666360107, 1666360117, 'tcp', '192.168.31.131', 52460, '192.168.31.111', 443, '172.16.31.121', 443),
(55550, 55565, 3, 1666360107, 1666360117, 'tcp', '192.168.31.131', 52462, '192.168.31.111', 443, '172.16.31.121', 443),
(55550, 55565, 3, 1666360107, 1666360117, 'tcp', '192.168.31.131', 52464, '192.168.31.111', 443, '172.16.31.121', 443),
(55550, 55565, 3, 1666360107, 1666360117, 'tcp', '192.168.31.131', 52466, '192.168.31.111', 443, '172.16.31.121', 443),
(55550, 55565, 3, 1666360109, 1666360119, 'tcp', '192.168.31.131', 52468, '192.168.31.111', 443, '172.16.31.121', 443),
(55550, 55565, 3, 1666360109, 1666360119, 'tcp', '192.168.31.131', 52470, '192.168.31.111', 443, '172.16.31.121', 443);
INSERT INTO `closed_connection` (`gateway_sdpid`, `client_sdpid`, `service_id`, `start_timestamp`, `end_timestamp`, `protocol`, `source_ip`, `source_port`, `destination_ip`, `destination_port`, `nat_destination_ip`, `nat_destination_port`) VALUES
(55550, 55565, 3, 1666360195, 1666360205, 'tcp', '192.168.31.131', 52478, '192.168.31.111', 443, '172.16.31.121', 443),
(55550, 55565, 3, 1666360195, 1666360205, 'tcp', '192.168.31.131', 52480, '192.168.31.111', 443, '172.16.31.121', 443),
(55550, 55565, 3, 1666360195, 1666360205, 'tcp', '192.168.31.131', 52482, '192.168.31.111', 443, '172.16.31.121', 443),
(55550, 55565, 3, 1666360195, 1666360205, 'tcp', '192.168.31.131', 52484, '192.168.31.111', 443, '172.16.31.121', 443),
(55550, 55565, 3, 1666360197, 1666360207, 'tcp', '192.168.31.131', 52486, '192.168.31.111', 443, '172.16.31.121', 443),
(55550, 55565, 3, 1666360197, 1666360207, 'tcp', '192.168.31.131', 52488, '192.168.31.111', 443, '172.16.31.121', 443),
(55550, 55565, 3, 1666360197, 1666360207, 'tcp', '192.168.31.131', 52490, '192.168.31.111', 443, '172.16.31.121', 443),
(55550, 55565, 3, 1666360197, 1666360197, 'tcp', '192.168.31.131', 52492, '192.168.31.111', 443, '172.16.31.121', 443),
(55550, 55565, 3, 1666360199, 1666360209, 'tcp', '192.168.31.131', 52494, '192.168.31.111', 443, '172.16.31.121', 443),
(55550, 55565, 3, 1666360199, 1666360209, 'tcp', '192.168.31.131', 52496, '192.168.31.111', 443, '172.16.31.121', 443),
(55550, 55565, 3, 1666360201, 1666360211, 'tcp', '192.168.31.131', 52498, '192.168.31.111', 443, '172.16.31.121', 443),
(55550, 55565, 3, 1666360201, 1666360211, 'tcp', '192.168.31.131', 52500, '192.168.31.111', 443, '172.16.31.121', 443),
(55550, 55565, 3, 1666360201, 1666360211, 'tcp', '192.168.31.131', 52502, '192.168.31.111', 443, '172.16.31.121', 443),
(55550, 55565, 3, 1666360201, 1666360211, 'tcp', '192.168.31.131', 52504, '192.168.31.111', 443, '172.16.31.121', 443),
(55550, 55565, 3, 1666360203, 1666360213, 'tcp', '192.168.31.131', 52506, '192.168.31.111', 443, '172.16.31.121', 443),
(55550, 55565, 3, 1666360203, 1666360213, 'tcp', '192.168.31.131', 52508, '192.168.31.111', 443, '172.16.31.121', 443),
(55550, 55565, 3, 1666360203, 1666360213, 'tcp', '192.168.31.131', 52510, '192.168.31.111', 443, '172.16.31.121', 443),
(55550, 55565, 3, 1666360203, 1666360213, 'tcp', '192.168.31.131', 52512, '192.168.31.111', 443, '172.16.31.121', 443),
(55550, 55565, 3, 1666360205, 1666360215, 'tcp', '192.168.31.131', 52514, '192.168.31.111', 443, '172.16.31.121', 443),
(55550, 55565, 3, 1666360205, 1666360215, 'tcp', '192.168.31.131', 52516, '192.168.31.111', 443, '172.16.31.121', 443),
(55550, 55565, 3, 1666360205, 1666360215, 'tcp', '192.168.31.131', 52518, '192.168.31.111', 443, '172.16.31.121', 443),
(55550, 55565, 3, 1666360205, 1666360215, 'tcp', '192.168.31.131', 52520, '192.168.31.111', 443, '172.16.31.121', 443),
(55550, 55565, 3, 1666360207, 1666360217, 'tcp', '192.168.31.131', 52522, '192.168.31.111', 443, '172.16.31.121', 443),
(55550, 55565, 3, 1666360207, 1666360217, 'tcp', '192.168.31.131', 52524, '192.168.31.111', 443, '172.16.31.121', 443),
(55550, 55565, 3, 1666360207, 1666360217, 'tcp', '192.168.31.131', 52526, '192.168.31.111', 443, '172.16.31.121', 443),
(55550, 55565, 3, 1666360207, 1666360217, 'tcp', '192.168.31.131', 52528, '192.168.31.111', 443, '172.16.31.121', 443),
(55550, 55565, 3, 1666360209, 1666360219, 'tcp', '192.168.31.131', 52530, '192.168.31.111', 443, '172.16.31.121', 443),
(55550, 55565, 3, 1666360209, 1666360219, 'tcp', '192.168.31.131', 52532, '192.168.31.111', 443, '172.16.31.121', 443),
(55550, 55565, 3, 1666360211, 1666360221, 'tcp', '192.168.31.131', 52534, '192.168.31.111', 443, '172.16.31.121', 443),
(55550, 55565, 3, 1666360211, 1666360221, 'tcp', '192.168.31.131', 52536, '192.168.31.111', 443, '172.16.31.121', 443),
(55550, 55565, 3, 1666360211, 1666360221, 'tcp', '192.168.31.131', 52538, '192.168.31.111', 443, '172.16.31.121', 443),
(55550, 55565, 3, 1666360211, 1666360221, 'tcp', '192.168.31.131', 52540, '192.168.31.111', 443, '172.16.31.121', 443),
(55550, 55565, 3, 1666360213, 1666360223, 'tcp', '192.168.31.131', 52542, '192.168.31.111', 443, '172.16.31.121', 443),
(55550, 55565, 3, 1666360213, 1666360223, 'tcp', '192.168.31.131', 52544, '192.168.31.111', 443, '172.16.31.121', 443),
(55550, 55565, 3, 1666360213, 1666360223, 'tcp', '192.168.31.131', 52546, '192.168.31.111', 443, '172.16.31.121', 443),
(55550, 55565, 3, 1666360213, 1666360223, 'tcp', '192.168.31.131', 52548, '192.168.31.111', 443, '172.16.31.121', 443),
(55550, 55565, 3, 1666360215, 1666360225, 'tcp', '192.168.31.131', 52550, '192.168.31.111', 443, '172.16.31.121', 443),
(55550, 55565, 3, 1666360215, 1666360225, 'tcp', '192.168.31.131', 52552, '192.168.31.111', 443, '172.16.31.121', 443),
(55550, 55565, 3, 1666360215, 1666360225, 'tcp', '192.168.31.131', 52554, '192.168.31.111', 443, '172.16.31.121', 443),
(55550, 55565, 3, 1666360215, 1666360225, 'tcp', '192.168.31.131', 52556, '192.168.31.111', 443, '172.16.31.121', 443),
(55550, 55565, 3, 1666360217, 1666360227, 'tcp', '192.168.31.131', 52558, '192.168.31.111', 443, '172.16.31.121', 443),
(55550, 55565, 3, 1666360217, 1666360227, 'tcp', '192.168.31.131', 52560, '192.168.31.111', 443, '172.16.31.121', 443),
(55550, 55565, 3, 1666360217, 1666360227, 'tcp', '192.168.31.131', 52562, '192.168.31.111', 443, '172.16.31.121', 443),
(55550, 55565, 3, 1666360217, 1666360227, 'tcp', '192.168.31.131', 52564, '192.168.31.111', 443, '172.16.31.121', 443),
(55550, 55565, 3, 1666360219, 1666360229, 'tcp', '192.168.31.131', 52566, '192.168.31.111', 443, '172.16.31.121', 443),
(55550, 55565, 3, 1666360219, 1666360229, 'tcp', '192.168.31.131', 52568, '192.168.31.111', 443, '172.16.31.121', 443),
(55550, 55565, 3, 1666360221, 1666360231, 'tcp', '192.168.31.131', 52570, '192.168.31.111', 443, '172.16.31.121', 443),
(55550, 55565, 3, 1666360221, 1666360231, 'tcp', '192.168.31.131', 52572, '192.168.31.111', 443, '172.16.31.121', 443),
(55550, 55565, 3, 1666360233, 1666360243, 'tcp', '192.168.31.131', 52578, '192.168.31.111', 443, '172.16.31.121', 443),
(55550, 55565, 3, 1666360233, 1666360243, 'tcp', '192.168.31.131', 52580, '192.168.31.111', 443, '172.16.31.121', 443),
(55550, 55565, 3, 1666360235, 1666360245, 'tcp', '192.168.31.131', 52582, '192.168.31.111', 443, '172.16.31.121', 443),
(55550, 55565, 3, 1666360235, 1666360245, 'tcp', '192.168.31.131', 52584, '192.168.31.111', 443, '172.16.31.121', 443),
(55550, 55565, 3, 1666360235, 1666360245, 'tcp', '192.168.31.131', 52586, '192.168.31.111', 443, '172.16.31.121', 443),
(55550, 55565, 3, 1666360235, 1666360245, 'tcp', '192.168.31.131', 52588, '192.168.31.111', 443, '172.16.31.121', 443),
(55550, 55565, 3, 1666360237, 1666360247, 'tcp', '192.168.31.131', 52590, '192.168.31.111', 443, '172.16.31.121', 443),
(55550, 55565, 3, 1666360237, 1666360247, 'tcp', '192.168.31.131', 52592, '192.168.31.111', 443, '172.16.31.121', 443),
(55550, 55565, 3, 1666360237, 1666360247, 'tcp', '192.168.31.131', 52594, '192.168.31.111', 443, '172.16.31.121', 443),
(55550, 55565, 3, 1666360237, 1666360247, 'tcp', '192.168.31.131', 52596, '192.168.31.111', 443, '172.16.31.121', 443),
(55550, 55565, 3, 1666360239, 1666360249, 'tcp', '192.168.31.131', 52598, '192.168.31.111', 443, '172.16.31.121', 443),
(55550, 55565, 3, 1666360239, 1666360249, 'tcp', '192.168.31.131', 52600, '192.168.31.111', 443, '172.16.31.121', 443),
(55550, 55565, 3, 1666360239, 1666360249, 'tcp', '192.168.31.131', 52602, '192.168.31.111', 443, '172.16.31.121', 443),
(55550, 55565, 3, 1666360239, 1666360249, 'tcp', '192.168.31.131', 52604, '192.168.31.111', 443, '172.16.31.121', 443),
(55550, 55565, 3, 1666360241, 1666360251, 'tcp', '192.168.31.131', 52606, '192.168.31.111', 443, '172.16.31.121', 443),
(55550, 55565, 3, 1666360241, 1666360251, 'tcp', '192.168.31.131', 52608, '192.168.31.111', 443, '172.16.31.121', 443),
(55550, 55565, 3, 1666360243, 1666360253, 'tcp', '192.168.31.131', 52610, '192.168.31.111', 443, '172.16.31.121', 443),
(55550, 55565, 3, 1666360243, 1666360253, 'tcp', '192.168.31.131', 52612, '192.168.31.111', 443, '172.16.31.121', 443),
(55550, 55565, 3, 1666360243, 1666360253, 'tcp', '192.168.31.131', 52614, '192.168.31.111', 443, '172.16.31.121', 443),
(55550, 55565, 3, 1666360243, 1666360253, 'tcp', '192.168.31.131', 52616, '192.168.31.111', 443, '172.16.31.121', 443),
(55550, 55565, 3, 1666360245, 1666360255, 'tcp', '192.168.31.131', 52618, '192.168.31.111', 443, '172.16.31.121', 443),
(55550, 55565, 3, 1666360245, 1666360255, 'tcp', '192.168.31.131', 52620, '192.168.31.111', 443, '172.16.31.121', 443),
(55550, 55565, 3, 1666360245, 1666360255, 'tcp', '192.168.31.131', 52622, '192.168.31.111', 443, '172.16.31.121', 443),
(55550, 55565, 3, 1666360245, 1666360255, 'tcp', '192.168.31.131', 52624, '192.168.31.111', 443, '172.16.31.121', 443),
(55550, 55565, 3, 1666360247, 1666360257, 'tcp', '192.168.31.131', 52626, '192.168.31.111', 443, '172.16.31.121', 443),
(55550, 55565, 3, 1666360247, 1666360257, 'tcp', '192.168.31.131', 52628, '192.168.31.111', 443, '172.16.31.121', 443),
(55550, 55565, 3, 1666360247, 1666360257, 'tcp', '192.168.31.131', 52630, '192.168.31.111', 443, '172.16.31.121', 443),
(55550, 55565, 3, 1666360247, 1666360257, 'tcp', '192.168.31.131', 52632, '192.168.31.111', 443, '172.16.31.121', 443),
(55550, 55565, 3, 1666360249, 1666360259, 'tcp', '192.168.31.131', 52634, '192.168.31.111', 443, '172.16.31.121', 443),
(55550, 55565, 3, 1666360249, 1666360259, 'tcp', '192.168.31.131', 52636, '192.168.31.111', 443, '172.16.31.121', 443),
(55550, 55565, 3, 1666360249, 1666360259, 'tcp', '192.168.31.131', 52638, '192.168.31.111', 443, '172.16.31.121', 443),
(55550, 55565, 3, 1666360249, 1666360259, 'tcp', '192.168.31.131', 52640, '192.168.31.111', 443, '172.16.31.121', 443),
(55550, 55565, 3, 1666360251, 1666360260, 'tcp', '192.168.31.131', 52642, '192.168.31.111', 443, '172.16.31.121', 443),
(55550, 55565, 3, 1666360251, 1666360260, 'tcp', '192.168.31.131', 52644, '192.168.31.111', 443, '172.16.31.121', 443),
(55550, 55565, 3, 1666360253, 1666360262, 'tcp', '192.168.31.131', 52646, '192.168.31.111', 443, '172.16.31.121', 443),
(55550, 55565, 3, 1666360253, 1666360262, 'tcp', '192.168.31.131', 52648, '192.168.31.111', 443, '172.16.31.121', 443),
(55550, 55565, 3, 1666360253, 1666360264, 'tcp', '192.168.31.131', 52650, '192.168.31.111', 443, '172.16.31.121', 443),
(55550, 55565, 3, 1666360253, 1666360264, 'tcp', '192.168.31.131', 52652, '192.168.31.111', 443, '172.16.31.121', 443),
(55550, 55565, 3, 1666360255, 1666360264, 'tcp', '192.168.31.131', 52654, '192.168.31.111', 443, '172.16.31.121', 443),
(55550, 55565, 3, 1666360255, 1666360264, 'tcp', '192.168.31.131', 52656, '192.168.31.111', 443, '172.16.31.121', 443),
(55550, 55565, 3, 1666360255, 1666360266, 'tcp', '192.168.31.131', 52658, '192.168.31.111', 443, '172.16.31.121', 443),
(55550, 55565, 3, 1666360255, 1666360266, 'tcp', '192.168.31.131', 52660, '192.168.31.111', 443, '172.16.31.121', 443),
(55550, 55565, 3, 1666360262, 1666360272, 'tcp', '192.168.31.131', 52664, '192.168.31.111', 443, '172.16.31.121', 443),
(55550, 55565, 3, 1666360262, 1666360272, 'tcp', '192.168.31.131', 52666, '192.168.31.111', 443, '172.16.31.121', 443),
(55550, 55565, 3, 1666360262, 1666360272, 'tcp', '192.168.31.131', 52668, '192.168.31.111', 443, '172.16.31.121', 443),
(55550, 55565, 3, 1666360262, 1666360272, 'tcp', '192.168.31.131', 52670, '192.168.31.111', 443, '172.16.31.121', 443),
(55550, 55565, 3, 1666360264, 1666360274, 'tcp', '192.168.31.131', 52672, '192.168.31.111', 443, '172.16.31.121', 443),
(55550, 55565, 3, 1666360264, 1666360274, 'tcp', '192.168.31.131', 52674, '192.168.31.111', 443, '172.16.31.121', 443),
(55550, 55565, 3, 1666360264, 1666360274, 'tcp', '192.168.31.131', 52676, '192.168.31.111', 443, '172.16.31.121', 443),
(55550, 55565, 3, 1666360264, 1666360274, 'tcp', '192.168.31.131', 52678, '192.168.31.111', 443, '172.16.31.121', 443),
(55550, 55565, 3, 1666360266, 1666360276, 'tcp', '192.168.31.131', 52680, '192.168.31.111', 443, '172.16.31.121', 443),
(55550, 55565, 3, 1666360266, 1666360276, 'tcp', '192.168.31.131', 52682, '192.168.31.111', 443, '172.16.31.121', 443),
(55550, 55565, 3, 1666360266, 1666360276, 'tcp', '192.168.31.131', 52684, '192.168.31.111', 443, '172.16.31.121', 443),
(55550, 55565, 3, 1666360266, 1666360276, 'tcp', '192.168.31.131', 52686, '192.168.31.111', 443, '172.16.31.121', 443),
(55550, 55565, 3, 1666360268, 1666360277, 'tcp', '192.168.31.131', 52688, '192.168.31.111', 443, '172.16.31.121', 443),
(55550, 55565, 3, 1666360268, 1666360277, 'tcp', '192.168.31.131', 52690, '192.168.31.111', 443, '172.16.31.121', 443),
(55550, 55565, 3, 1666360268, 1666360279, 'tcp', '192.168.31.131', 52692, '192.168.31.111', 443, '172.16.31.121', 443),
(55550, 55565, 3, 1666360268, 1666360279, 'tcp', '192.168.31.131', 52694, '192.168.31.111', 443, '172.16.31.121', 443),
(55550, 55565, 3, 1666360270, 1666360279, 'tcp', '192.168.31.131', 52696, '192.168.31.111', 443, '172.16.31.121', 443),
(55550, 55565, 3, 1666360270, 1666360279, 'tcp', '192.168.31.131', 52698, '192.168.31.111', 443, '172.16.31.121', 443),
(55550, 55565, 3, 1666360272, 1666360281, 'tcp', '192.168.31.131', 52700, '192.168.31.111', 443, '172.16.31.121', 443),
(55550, 55565, 3, 1666360272, 1666360281, 'tcp', '192.168.31.131', 52702, '192.168.31.111', 443, '172.16.31.121', 443),
(55550, 55565, 3, 1666360272, 1666360281, 'tcp', '192.168.31.131', 52704, '192.168.31.111', 443, '172.16.31.121', 443),
(55550, 55565, 3, 1666360272, 1666360281, 'tcp', '192.168.31.131', 52706, '192.168.31.111', 443, '172.16.31.121', 443),
(55550, 55565, 3, 1666360274, 1666360283, 'tcp', '192.168.31.131', 52708, '192.168.31.111', 443, '172.16.31.121', 443),
(55550, 55565, 3, 1666360274, 1666360283, 'tcp', '192.168.31.131', 52710, '192.168.31.111', 443, '172.16.31.121', 443),
(55550, 55565, 3, 1666360279, 1666360289, 'tcp', '192.168.31.131', 52714, '192.168.31.111', 443, '172.16.31.121', 443),
(55550, 55565, 3, 1666360279, 1666360289, 'tcp', '192.168.31.131', 52716, '192.168.31.111', 443, '172.16.31.121', 443),
(55550, 55565, 3, 1666360281, 1666360291, 'tcp', '192.168.31.131', 52718, '192.168.31.111', 443, '172.16.31.121', 443),
(55550, 55565, 3, 1666360281, 1666360291, 'tcp', '192.168.31.131', 52720, '192.168.31.111', 443, '172.16.31.121', 443),
(55550, 55565, 3, 1666360281, 1666360291, 'tcp', '192.168.31.131', 52722, '192.168.31.111', 443, '172.16.31.121', 443),
(55550, 55565, 3, 1666360281, 1666360291, 'tcp', '192.168.31.131', 52724, '192.168.31.111', 443, '172.16.31.121', 443),
(55550, 55565, 3, 1666360283, 1666360293, 'tcp', '192.168.31.131', 52726, '192.168.31.111', 443, '172.16.31.121', 443),
(55550, 55565, 3, 1666360283, 1666360293, 'tcp', '192.168.31.131', 52728, '192.168.31.111', 443, '172.16.31.121', 443),
(55550, 55565, 3, 1666360283, 1666360293, 'tcp', '192.168.31.131', 52730, '192.168.31.111', 443, '172.16.31.121', 443),
(55550, 55565, 3, 1666360283, 1666360293, 'tcp', '192.168.31.131', 52732, '192.168.31.111', 443, '172.16.31.121', 443),
(55550, 55565, 3, 1666360285, 1666360296, 'tcp', '192.168.31.131', 52734, '192.168.31.111', 443, '172.16.31.121', 443),
(55550, 55565, 3, 1666360285, 1666360296, 'tcp', '192.168.31.131', 52736, '192.168.31.111', 443, '172.16.31.121', 443),
(55550, 55565, 3, 1666360285, 1666360296, 'tcp', '192.168.31.131', 52738, '192.168.31.111', 443, '172.16.31.121', 443),
(55550, 55565, 3, 1666360285, 1666360296, 'tcp', '192.168.31.131', 52740, '192.168.31.111', 443, '172.16.31.121', 443),
(55550, 55565, 3, 1666360287, 1666360298, 'tcp', '192.168.31.131', 52742, '192.168.31.111', 443, '172.16.31.121', 443),
(55550, 55565, 3, 1666360287, 1666360298, 'tcp', '192.168.31.131', 52744, '192.168.31.111', 443, '172.16.31.121', 443),
(55550, 55565, 3, 1666360287, 1666360298, 'tcp', '192.168.31.131', 52746, '192.168.31.111', 443, '172.16.31.121', 443),
(55550, 55565, 3, 1666360289, 1666360298, 'tcp', '192.168.31.131', 52748, '192.168.31.111', 443, '172.16.31.121', 443),
(55550, 55565, 3, 1666360289, 1666360300, 'tcp', '192.168.31.131', 52750, '192.168.31.111', 443, '172.16.31.121', 443),
(55550, 55565, 3, 1666360289, 1666360300, 'tcp', '192.168.31.131', 52752, '192.168.31.111', 443, '172.16.31.121', 443),
(55550, 55565, 3, 1666360291, 1666360302, 'tcp', '192.168.31.131', 52754, '192.168.31.111', 443, '172.16.31.121', 443),
(55550, 55565, 3, 1666360291, 1666360302, 'tcp', '192.168.31.131', 52756, '192.168.31.111', 443, '172.16.31.121', 443),
(55550, 55565, 3, 1666360291, 1666360302, 'tcp', '192.168.31.131', 52758, '192.168.31.111', 443, '172.16.31.121', 443),
(55550, 55565, 3, 1666360291, 1666360302, 'tcp', '192.168.31.131', 52760, '192.168.31.111', 443, '172.16.31.121', 443),
(55550, 55565, 3, 1666360293, 1666360304, 'tcp', '192.168.31.131', 52762, '192.168.31.111', 443, '172.16.31.121', 443),
(55550, 55565, 3, 1666360293, 1666360304, 'tcp', '192.168.31.131', 52764, '192.168.31.111', 443, '172.16.31.121', 443),
(55550, 55565, 3, 1666360293, 1666360304, 'tcp', '192.168.31.131', 52766, '192.168.31.111', 443, '172.16.31.121', 443),
(55550, 55565, 3, 1666360293, 1666360304, 'tcp', '192.168.31.131', 52768, '192.168.31.111', 443, '172.16.31.121', 443),
(55550, 55565, 3, 1666360296, 1666360306, 'tcp', '192.168.31.131', 52770, '192.168.31.111', 443, '172.16.31.121', 443),
(55550, 55565, 3, 1666360296, 1666360306, 'tcp', '192.168.31.131', 52772, '192.168.31.111', 443, '172.16.31.121', 443),
(55550, 55565, 3, 1666360296, 1666360306, 'tcp', '192.168.31.131', 52774, '192.168.31.111', 443, '172.16.31.121', 443),
(55550, 55565, 3, 1666360296, 1666360306, 'tcp', '192.168.31.131', 52776, '192.168.31.111', 443, '172.16.31.121', 443),
(55550, 55565, 3, 1666360298, 1666360308, 'tcp', '192.168.31.131', 52778, '192.168.31.111', 443, '172.16.31.121', 443),
(55550, 55565, 3, 1666360298, 1666360308, 'tcp', '192.168.31.131', 52780, '192.168.31.111', 443, '172.16.31.121', 443),
(55550, 55565, 3, 1666360298, 1666360308, 'tcp', '192.168.31.131', 52782, '192.168.31.111', 443, '172.16.31.121', 443),
(55550, 55565, 3, 1666360298, 1666360308, 'tcp', '192.168.31.131', 52784, '192.168.31.111', 443, '172.16.31.121', 443),
(55550, 55565, 3, 1666360300, 1666360310, 'tcp', '192.168.31.131', 52786, '192.168.31.111', 443, '172.16.31.121', 443),
(55550, 55565, 3, 1666360300, 1666360310, 'tcp', '192.168.31.131', 52788, '192.168.31.111', 443, '172.16.31.121', 443),
(55550, 55565, 3, 1666360302, 1666360312, 'tcp', '192.168.31.131', 52790, '192.168.31.111', 443, '172.16.31.121', 443),
(55550, 55565, 3, 1666360302, 1666360312, 'tcp', '192.168.31.131', 52792, '192.168.31.111', 443, '172.16.31.121', 443),
(55550, 55565, 3, 1666360302, 1666360312, 'tcp', '192.168.31.131', 52794, '192.168.31.111', 443, '172.16.31.121', 443),
(55550, 55565, 3, 1666360302, 1666360312, 'tcp', '192.168.31.131', 52796, '192.168.31.111', 443, '172.16.31.121', 443),
(55550, 55565, 3, 1666360304, 1666360314, 'tcp', '192.168.31.131', 52798, '192.168.31.111', 443, '172.16.31.121', 443),
(55550, 55565, 3, 1666360304, 1666360314, 'tcp', '192.168.31.131', 52800, '192.168.31.111', 443, '172.16.31.121', 443),
(55550, 55565, 3, 1666360304, 1666360314, 'tcp', '192.168.31.131', 52802, '192.168.31.111', 443, '172.16.31.121', 443),
(55550, 55565, 3, 1666360304, 1666360314, 'tcp', '192.168.31.131', 52804, '192.168.31.111', 443, '172.16.31.121', 443),
(55550, 55565, 3, 1666360306, 1666360316, 'tcp', '192.168.31.131', 52806, '192.168.31.111', 443, '172.16.31.121', 443),
(55550, 55565, 3, 1666360306, 1666360316, 'tcp', '192.168.31.131', 52808, '192.168.31.111', 443, '172.16.31.121', 443),
(55550, 55565, 3, 1666360323, 1666360333, 'tcp', '192.168.31.131', 52814, '192.168.31.111', 443, '172.16.31.121', 443),
(55550, 55565, 3, 1666360323, 1666360333, 'tcp', '192.168.31.131', 52816, '192.168.31.111', 443, '172.16.31.121', 443),
(55550, 55565, 3, 1666360325, 1666360333, 'tcp', '192.168.31.131', 52818, '192.168.31.111', 443, '172.16.31.121', 443),
(55550, 55565, 3, 1666360325, 1666360333, 'tcp', '192.168.31.131', 52820, '192.168.31.111', 443, '172.16.31.121', 443),
(55550, 55565, 3, 1666360325, 1666360335, 'tcp', '192.168.31.131', 52822, '192.168.31.111', 443, '172.16.31.121', 443),
(55550, 55565, 3, 1666360325, 1666360335, 'tcp', '192.168.31.131', 52824, '192.168.31.111', 443, '172.16.31.121', 443),
(55550, 55565, 3, 1666360327, 1666360337, 'tcp', '192.168.31.131', 52826, '192.168.31.111', 443, '172.16.31.121', 443),
(55550, 55565, 3, 1666360327, 1666360337, 'tcp', '192.168.31.131', 52828, '192.168.31.111', 443, '172.16.31.121', 443),
(55550, 55565, 3, 1666360327, 1666360337, 'tcp', '192.168.31.131', 52830, '192.168.31.111', 443, '172.16.31.121', 443),
(55550, 55565, 3, 1666360327, 1666360337, 'tcp', '192.168.31.131', 52832, '192.168.31.111', 443, '172.16.31.121', 443),
(55550, 55565, 3, 1666360329, 1666360339, 'tcp', '192.168.31.131', 52834, '192.168.31.111', 443, '172.16.31.121', 443),
(55550, 55565, 3, 1666360329, 1666360339, 'tcp', '192.168.31.131', 52836, '192.168.31.111', 443, '172.16.31.121', 443),
(55550, 55565, 3, 1666360329, 1666360339, 'tcp', '192.168.31.131', 52838, '192.168.31.111', 443, '172.16.31.121', 443),
(55550, 55565, 3, 1666360329, 1666360339, 'tcp', '192.168.31.131', 52840, '192.168.31.111', 443, '172.16.31.121', 443),
(55550, 55565, 3, 1666360331, 1666360340, 'tcp', '192.168.31.131', 52842, '192.168.31.111', 443, '172.16.31.121', 443),
(55550, 55565, 3, 1666360331, 1666360340, 'tcp', '192.168.31.131', 52844, '192.168.31.111', 443, '172.16.31.121', 443),
(55550, 55565, 3, 1666360331, 1666360342, 'tcp', '192.168.31.131', 52846, '192.168.31.111', 443, '172.16.31.121', 443),
(55550, 55565, 3, 1666360331, 1666360342, 'tcp', '192.168.31.131', 52848, '192.168.31.111', 443, '172.16.31.121', 443),
(55550, 55565, 3, 1666360333, 1666360342, 'tcp', '192.168.31.131', 52850, '192.168.31.111', 443, '172.16.31.121', 443),
(55550, 55565, 3, 1666360333, 1666360342, 'tcp', '192.168.31.131', 52852, '192.168.31.111', 443, '172.16.31.121', 443),
(55550, 55565, 3, 1666360333, 1666360345, 'tcp', '192.168.31.131', 52854, '192.168.31.111', 443, '172.16.31.121', 443),
(55550, 55565, 3, 1666360335, 1666360345, 'tcp', '192.168.31.131', 52856, '192.168.31.111', 443, '172.16.31.121', 443),
(55550, 55565, 3, 1666360335, 1666360345, 'tcp', '192.168.31.131', 52858, '192.168.31.111', 443, '172.16.31.121', 443),
(55550, 55565, 3, 1666360335, 1666360345, 'tcp', '192.168.31.131', 52860, '192.168.31.111', 443, '172.16.31.121', 443),
(55550, 55565, 3, 1666360337, 1666360347, 'tcp', '192.168.31.131', 52862, '192.168.31.111', 443, '172.16.31.121', 443),
(55550, 55565, 3, 1666360337, 1666360347, 'tcp', '192.168.31.131', 52864, '192.168.31.111', 443, '172.16.31.121', 443),
(55550, 55565, 3, 1666360337, 1666360349, 'tcp', '192.168.31.131', 52866, '192.168.31.111', 443, '172.16.31.121', 443),
(55550, 55565, 3, 1666360337, 1666360349, 'tcp', '192.168.31.131', 52868, '192.168.31.111', 443, '172.16.31.121', 443),
(55550, 55565, 3, 1666360342, 1666360353, 'tcp', '192.168.31.131', 52872, '192.168.31.111', 443, '172.16.31.121', 443),
(55550, 55565, 3, 1666360342, 1666360353, 'tcp', '192.168.31.131', 52874, '192.168.31.111', 443, '172.16.31.121', 443),
(55550, 55565, 3, 1666360342, 1666360353, 'tcp', '192.168.31.131', 52876, '192.168.31.111', 443, '172.16.31.121', 443),
(55550, 55565, 3, 1666360345, 1666360353, 'tcp', '192.168.31.131', 52878, '192.168.31.111', 443, '172.16.31.121', 443),
(55550, 55565, 3, 1666360345, 1666360355, 'tcp', '192.168.31.131', 52880, '192.168.31.111', 443, '172.16.31.121', 443),
(55550, 55565, 3, 1666360345, 1666360355, 'tcp', '192.168.31.131', 52882, '192.168.31.111', 443, '172.16.31.121', 443),
(55550, 55565, 3, 1666360347, 1666360355, 'tcp', '192.168.31.131', 52884, '192.168.31.111', 443, '172.16.31.121', 443),
(55550, 55565, 3, 1666360347, 1666360355, 'tcp', '192.168.31.131', 52886, '192.168.31.111', 443, '172.16.31.121', 443),
(55550, 55565, 3, 1666360347, 1666360357, 'tcp', '192.168.31.131', 52888, '192.168.31.111', 443, '172.16.31.121', 443),
(55550, 55565, 3, 1666360347, 1666360357, 'tcp', '192.168.31.131', 52890, '192.168.31.111', 443, '172.16.31.121', 443),
(55550, 55565, 3, 1666360349, 1666360359, 'tcp', '192.168.31.131', 52892, '192.168.31.111', 443, '172.16.31.121', 443),
(55550, 55565, 3, 1666360349, 1666360359, 'tcp', '192.168.31.131', 52894, '192.168.31.111', 443, '172.16.31.121', 443),
(55550, 55565, 3, 1666360349, 1666360359, 'tcp', '192.168.31.131', 52896, '192.168.31.111', 443, '172.16.31.121', 443),
(55550, 55565, 3, 1666360349, 1666360359, 'tcp', '192.168.31.131', 52898, '192.168.31.111', 443, '172.16.31.121', 443),
(55550, 55565, 3, 1666360351, 1666360361, 'tcp', '192.168.31.131', 52900, '192.168.31.111', 443, '172.16.31.121', 443),
(55550, 55565, 3, 1666360351, 1666360361, 'tcp', '192.168.31.131', 52902, '192.168.31.111', 443, '172.16.31.121', 443),
(55550, 55565, 3, 1666360351, 1666360361, 'tcp', '192.168.31.131', 52904, '192.168.31.111', 443, '172.16.31.121', 443),
(55550, 55565, 3, 1666360351, 1666360361, 'tcp', '192.168.31.131', 52906, '192.168.31.111', 443, '172.16.31.121', 443),
(55550, 55565, 3, 1666360353, 1666360363, 'tcp', '192.168.31.131', 52908, '192.168.31.111', 443, '172.16.31.121', 443),
(55550, 55565, 3, 1666360353, 1666360363, 'tcp', '192.168.31.131', 52910, '192.168.31.111', 443, '172.16.31.121', 443),
(55550, 55565, 3, 1666360353, 1666360363, 'tcp', '192.168.31.131', 52912, '192.168.31.111', 443, '172.16.31.121', 443),
(55550, 55565, 3, 1666360353, 1666360363, 'tcp', '192.168.31.131', 52914, '192.168.31.111', 443, '172.16.31.121', 443),
(55550, 55565, 3, 1666360355, 1666360365, 'tcp', '192.168.31.131', 52916, '192.168.31.111', 443, '172.16.31.121', 443),
(55550, 55565, 3, 1666360355, 1666360365, 'tcp', '192.168.31.131', 52918, '192.168.31.111', 443, '172.16.31.121', 443),
(55550, 55565, 3, 1666360357, 1666360367, 'tcp', '192.168.31.131', 52920, '192.168.31.111', 443, '172.16.31.121', 443),
(55550, 55565, 3, 1666360357, 1666360367, 'tcp', '192.168.31.131', 52922, '192.168.31.111', 443, '172.16.31.121', 443),
(55550, 55565, 3, 1666360357, 1666360367, 'tcp', '192.168.31.131', 52924, '192.168.31.111', 443, '172.16.31.121', 443),
(55550, 55565, 3, 1666360357, 1666360367, 'tcp', '192.168.31.131', 52926, '192.168.31.111', 443, '172.16.31.121', 443),
(55550, 55565, 3, 1666360359, 1666360369, 'tcp', '192.168.31.131', 52928, '192.168.31.111', 443, '172.16.31.121', 443),
(55550, 55565, 3, 1666360359, 1666360369, 'tcp', '192.168.31.131', 52930, '192.168.31.111', 443, '172.16.31.121', 443),
(55550, 55565, 3, 1666360359, 1666360369, 'tcp', '192.168.31.131', 52932, '192.168.31.111', 443, '172.16.31.121', 443),
(55550, 55565, 3, 1666360359, 1666360369, 'tcp', '192.168.31.131', 52934, '192.168.31.111', 443, '172.16.31.121', 443),
(55550, 55565, 3, 1666360361, 1666360371, 'tcp', '192.168.31.131', 52936, '192.168.31.111', 443, '172.16.31.121', 443),
(55550, 55565, 3, 1666360361, 1666360371, 'tcp', '192.168.31.131', 52938, '192.168.31.111', 443, '172.16.31.121', 443),
(55550, 55565, 3, 1666360361, 1666360371, 'tcp', '192.168.31.131', 52940, '192.168.31.111', 443, '172.16.31.121', 443),
(55550, 55565, 3, 1666360361, 1666360371, 'tcp', '192.168.31.131', 52942, '192.168.31.111', 443, '172.16.31.121', 443),
(55550, 55565, 3, 1666360363, 1666360373, 'tcp', '192.168.31.131', 52944, '192.168.31.111', 443, '172.16.31.121', 443),
(55550, 55565, 3, 1666360363, 1666360373, 'tcp', '192.168.31.131', 52946, '192.168.31.111', 443, '172.16.31.121', 443),
(55550, 55565, 3, 1666360365, 1666360375, 'tcp', '192.168.31.131', 52948, '192.168.31.111', 443, '172.16.31.121', 443),
(55550, 55565, 3, 1666360365, 1666360375, 'tcp', '192.168.31.131', 52950, '192.168.31.111', 443, '172.16.31.121', 443),
(55550, 55565, 3, 1666360365, 1666360375, 'tcp', '192.168.31.131', 52952, '192.168.31.111', 443, '172.16.31.121', 443),
(55550, 55565, 3, 1666360365, 1666360375, 'tcp', '192.168.31.131', 52954, '192.168.31.111', 443, '172.16.31.121', 443),
(55550, 55565, 3, 1666360367, 1666360377, 'tcp', '192.168.31.131', 52956, '192.168.31.111', 443, '172.16.31.121', 443),
(55550, 55565, 3, 1666360367, 1666360377, 'tcp', '192.168.31.131', 52958, '192.168.31.111', 443, '172.16.31.121', 443),
(55550, 55565, 3, 1666360367, 1666360377, 'tcp', '192.168.31.131', 52960, '192.168.31.111', 443, '172.16.31.121', 443),
(55550, 55565, 3, 1666360367, 1666360377, 'tcp', '192.168.31.131', 52962, '192.168.31.111', 443, '172.16.31.121', 443),
(55550, 55565, 3, 1666360369, 1666360378, 'tcp', '192.168.31.131', 52964, '192.168.31.111', 443, '172.16.31.121', 443),
(55550, 55565, 3, 1666360380, 1666360390, 'tcp', '192.168.31.131', 52970, '192.168.31.111', 443, '172.16.31.121', 443),
(55550, 55565, 3, 1666360380, 1666360390, 'tcp', '192.168.31.131', 52972, '192.168.31.111', 443, '172.16.31.121', 443),
(55550, 55565, 3, 1666360380, 1666360390, 'tcp', '192.168.31.131', 52974, '192.168.31.111', 443, '172.16.31.121', 443),
(55550, 55565, 3, 1666360380, 1666360390, 'tcp', '192.168.31.131', 52976, '192.168.31.111', 443, '172.16.31.121', 443),
(55550, 55565, 3, 1666360382, 1666360393, 'tcp', '192.168.31.131', 52978, '192.168.31.111', 443, '172.16.31.121', 443),
(55550, 55565, 3, 1666360382, 1666360393, 'tcp', '192.168.31.131', 52980, '192.168.31.111', 443, '172.16.31.121', 443),
(55550, 55565, 3, 1666360382, 1666360393, 'tcp', '192.168.31.131', 52982, '192.168.31.111', 443, '172.16.31.121', 443),
(55550, 55565, 3, 1666360382, 1666360393, 'tcp', '192.168.31.131', 52984, '192.168.31.111', 443, '172.16.31.121', 443),
(55550, 55565, 3, 1666360384, 1666360395, 'tcp', '192.168.31.131', 52986, '192.168.31.111', 443, '172.16.31.121', 443),
(55550, 55565, 3, 1666360384, 1666360395, 'tcp', '192.168.31.131', 52988, '192.168.31.111', 443, '172.16.31.121', 443),
(55550, 55565, 3, 1666360384, 1666360395, 'tcp', '192.168.31.131', 52990, '192.168.31.111', 443, '172.16.31.121', 443),
(55550, 55565, 3, 1666360386, 1666360395, 'tcp', '192.168.31.131', 52992, '192.168.31.111', 443, '172.16.31.121', 443),
(55550, 55565, 3, 1666360386, 1666360397, 'tcp', '192.168.31.131', 52994, '192.168.31.111', 443, '172.16.31.121', 443),
(55550, 55565, 3, 1666360386, 1666360397, 'tcp', '192.168.31.131', 52996, '192.168.31.111', 443, '172.16.31.121', 443),
(55550, 55565, 3, 1666360388, 1666360397, 'tcp', '192.168.31.131', 52998, '192.168.31.111', 443, '172.16.31.121', 443),
(55550, 55565, 3, 1666360388, 1666360397, 'tcp', '192.168.31.131', 53000, '192.168.31.111', 443, '172.16.31.121', 443),
(55550, 55565, 3, 1666360388, 1666360399, 'tcp', '192.168.31.131', 53002, '192.168.31.111', 443, '172.16.31.121', 443),
(55550, 55565, 3, 1666360388, 1666360399, 'tcp', '192.168.31.131', 53004, '192.168.31.111', 443, '172.16.31.121', 443),
(55550, 55565, 3, 1666360390, 1666360401, 'tcp', '192.168.31.131', 53006, '192.168.31.111', 443, '172.16.31.121', 443),
(55550, 55565, 3, 1666360390, 1666360401, 'tcp', '192.168.31.131', 53008, '192.168.31.111', 443, '172.16.31.121', 443),
(55550, 55565, 3, 1666360390, 1666360401, 'tcp', '192.168.31.131', 53010, '192.168.31.111', 443, '172.16.31.121', 443),
(55550, 55565, 3, 1666360390, 1666360401, 'tcp', '192.168.31.131', 53012, '192.168.31.111', 443, '172.16.31.121', 443),
(55550, 55565, 3, 1666360393, 1666360403, 'tcp', '192.168.31.131', 53014, '192.168.31.111', 443, '172.16.31.121', 443),
(55550, 55565, 3, 1666360393, 1666360403, 'tcp', '192.168.31.131', 53016, '192.168.31.111', 443, '172.16.31.121', 443),
(55550, 55565, 3, 1666360393, 1666360403, 'tcp', '192.168.31.131', 53018, '192.168.31.111', 443, '172.16.31.121', 443),
(55550, 55565, 3, 1666360393, 1666360403, 'tcp', '192.168.31.131', 53020, '192.168.31.111', 443, '172.16.31.121', 443),
(55550, 55565, 3, 1666360395, 1666360405, 'tcp', '192.168.31.131', 53022, '192.168.31.111', 443, '172.16.31.121', 443),
(55550, 55565, 3, 1666360395, 1666360405, 'tcp', '192.168.31.131', 53024, '192.168.31.111', 443, '172.16.31.121', 443),
(55550, 55565, 3, 1666360395, 1666360405, 'tcp', '192.168.31.131', 53026, '192.168.31.111', 443, '172.16.31.121', 443),
(55550, 55565, 3, 1666360395, 1666360405, 'tcp', '192.168.31.131', 53028, '192.168.31.111', 443, '172.16.31.121', 443),
(55550, 55565, 3, 1666360397, 1666360407, 'tcp', '192.168.31.131', 53030, '192.168.31.111', 443, '172.16.31.121', 443),
(55550, 55565, 3, 1666360397, 1666360407, 'tcp', '192.168.31.131', 53032, '192.168.31.111', 443, '172.16.31.121', 443),
(55550, 55565, 3, 1666360397, 1666360407, 'tcp', '192.168.31.131', 53034, '192.168.31.111', 443, '172.16.31.121', 443),
(55550, 55565, 3, 1666360399, 1666360407, 'tcp', '192.168.31.131', 53036, '192.168.31.111', 443, '172.16.31.121', 443),
(55550, 55565, 3, 1666360399, 1666360409, 'tcp', '192.168.31.131', 53038, '192.168.31.111', 443, '172.16.31.121', 443),
(55550, 55565, 3, 1666360399, 1666360409, 'tcp', '192.168.31.131', 53040, '192.168.31.111', 443, '172.16.31.121', 443),
(55550, 55565, 3, 1666360401, 1666360411, 'tcp', '192.168.31.131', 53042, '192.168.31.111', 443, '172.16.31.121', 443),
(55550, 55565, 3, 1666360401, 1666360411, 'tcp', '192.168.31.131', 53044, '192.168.31.111', 443, '172.16.31.121', 443),
(55550, 55565, 3, 1666360417, 1666360427, 'tcp', '192.168.31.131', 53048, '192.168.31.111', 443, '172.16.31.121', 443),
(55550, 55565, 3, 1666360417, 1666360427, 'tcp', '192.168.31.131', 53050, '192.168.31.111', 443, '172.16.31.121', 443),
(55550, 55565, 3, 1666360419, 1666360427, 'tcp', '192.168.31.131', 53052, '192.168.31.111', 443, '172.16.31.121', 443),
(55550, 55565, 3, 1666360419, 1666360427, 'tcp', '192.168.31.131', 53054, '192.168.31.111', 443, '172.16.31.121', 443),
(55550, 55565, 3, 1666360419, 1666360429, 'tcp', '192.168.31.131', 53056, '192.168.31.111', 443, '172.16.31.121', 443),
(55550, 55565, 3, 1666360419, 1666360429, 'tcp', '192.168.31.131', 53058, '192.168.31.111', 443, '172.16.31.121', 443),
(55550, 55565, 3, 1666360421, 1666360431, 'tcp', '192.168.31.131', 53060, '192.168.31.111', 443, '172.16.31.121', 443),
(55550, 55565, 3, 1666360421, 1666360431, 'tcp', '192.168.31.131', 53062, '192.168.31.111', 443, '172.16.31.121', 443),
(55550, 55565, 3, 1666360421, 1666360431, 'tcp', '192.168.31.131', 53064, '192.168.31.111', 443, '172.16.31.121', 443),
(55550, 55565, 3, 1666360421, 1666360431, 'tcp', '192.168.31.131', 53066, '192.168.31.111', 443, '172.16.31.121', 443),
(55550, 55565, 3, 1666360423, 1666360433, 'tcp', '192.168.31.131', 53068, '192.168.31.111', 443, '172.16.31.121', 443),
(55550, 55565, 3, 1666360423, 1666360433, 'tcp', '192.168.31.131', 53070, '192.168.31.111', 443, '172.16.31.121', 443),
(55550, 55565, 3, 1666360423, 1666360433, 'tcp', '192.168.31.131', 53072, '192.168.31.111', 443, '172.16.31.121', 443),
(55550, 55565, 3, 1666360423, 1666360433, 'tcp', '192.168.31.131', 53074, '192.168.31.111', 443, '172.16.31.121', 443),
(55550, 55565, 3, 1666360425, 1666360435, 'tcp', '192.168.31.131', 53076, '192.168.31.111', 443, '172.16.31.121', 443),
(55550, 55565, 3, 1666360425, 1666360435, 'tcp', '192.168.31.131', 53078, '192.168.31.111', 443, '172.16.31.121', 443),
(55550, 55565, 3, 1666360425, 1666360435, 'tcp', '192.168.31.131', 53080, '192.168.31.111', 443, '172.16.31.121', 443),
(55550, 55565, 3, 1666360425, 1666360435, 'tcp', '192.168.31.131', 53082, '192.168.31.111', 443, '172.16.31.121', 443),
(55550, 55565, 3, 1666360427, 1666360437, 'tcp', '192.168.31.131', 53084, '192.168.31.111', 443, '172.16.31.121', 443),
(55550, 55565, 3, 1666360427, 1666360437, 'tcp', '192.168.31.131', 53086, '192.168.31.111', 443, '172.16.31.121', 443),
(55550, 55565, 3, 1666360427, 1666360437, 'tcp', '192.168.31.131', 53088, '192.168.31.111', 443, '172.16.31.121', 443),
(55550, 55565, 3, 1666360429, 1666360437, 'tcp', '192.168.31.131', 53090, '192.168.31.111', 443, '172.16.31.121', 443),
(55550, 55565, 3, 1666360429, 1666360439, 'tcp', '192.168.31.131', 53092, '192.168.31.111', 443, '172.16.31.121', 443),
(55550, 55565, 3, 1666360429, 1666360439, 'tcp', '192.168.31.131', 53094, '192.168.31.111', 443, '172.16.31.121', 443),
(55550, 55565, 3, 1666360431, 1666360439, 'tcp', '192.168.31.131', 53096, '192.168.31.111', 443, '172.16.31.121', 443),
(55550, 55565, 3, 1666360431, 1666360442, 'tcp', '192.168.31.131', 53098, '192.168.31.111', 443, '172.16.31.121', 443),
(55550, 55565, 3, 1666360431, 1666360442, 'tcp', '192.168.31.131', 53100, '192.168.31.111', 443, '172.16.31.121', 443),
(55550, 55565, 3, 1666360431, 1666360442, 'tcp', '192.168.31.131', 53102, '192.168.31.111', 443, '172.16.31.121', 443),
(55550, 55565, 3, 1666360433, 1666360444, 'tcp', '192.168.31.131', 53104, '192.168.31.111', 443, '172.16.31.121', 443),
(55550, 55565, 3, 1666360433, 1666360444, 'tcp', '192.168.31.131', 53106, '192.168.31.111', 443, '172.16.31.121', 443),
(55550, 55565, 3, 1666360433, 1666360444, 'tcp', '192.168.31.131', 53108, '192.168.31.111', 443, '172.16.31.121', 443),
(55550, 55565, 3, 1666360433, 1666360444, 'tcp', '192.168.31.131', 53110, '192.168.31.111', 443, '172.16.31.121', 443),
(55550, 55565, 3, 1666360435, 1666360446, 'tcp', '192.168.31.131', 53112, '192.168.31.111', 443, '172.16.31.121', 443),
(55550, 55565, 3, 1666360435, 1666360446, 'tcp', '192.168.31.131', 53114, '192.168.31.111', 443, '172.16.31.121', 443),
(55550, 55565, 3, 1666360435, 1666360446, 'tcp', '192.168.31.131', 53116, '192.168.31.111', 443, '172.16.31.121', 443),
(55550, 55565, 3, 1666360435, 1666360446, 'tcp', '192.168.31.131', 53118, '192.168.31.111', 443, '172.16.31.121', 443),
(55550, 55565, 3, 1666360437, 1666360448, 'tcp', '192.168.31.131', 53120, '192.168.31.111', 443, '172.16.31.121', 443),
(55550, 55565, 3, 1666360437, 1666360448, 'tcp', '192.168.31.131', 53122, '192.168.31.111', 443, '172.16.31.121', 443),
(55550, 55565, 3, 1666360437, 1666360448, 'tcp', '192.168.31.131', 53124, '192.168.31.111', 443, '172.16.31.121', 443),
(55550, 55565, 3, 1666360437, 1666360448, 'tcp', '192.168.31.131', 53126, '192.168.31.111', 443, '172.16.31.121', 443),
(55550, 55565, 3, 1666360439, 1666360449, 'tcp', '192.168.31.131', 53128, '192.168.31.111', 443, '172.16.31.121', 443),
(55550, 55565, 3, 1666360439, 1666360449, 'tcp', '192.168.31.131', 53130, '192.168.31.111', 443, '172.16.31.121', 443),
(55550, 55565, 3, 1666360441, 1666360451, 'tcp', '192.168.31.131', 53132, '192.168.31.111', 443, '172.16.31.121', 443),
(55550, 55565, 3, 1666360441, 1666360451, 'tcp', '192.168.31.131', 53134, '192.168.31.111', 443, '172.16.31.121', 443),
(55550, 55565, 3, 1666360441, 1666360451, 'tcp', '192.168.31.131', 53136, '192.168.31.111', 443, '172.16.31.121', 443),
(55550, 55565, 3, 1666360441, 1666360451, 'tcp', '192.168.31.131', 53138, '192.168.31.111', 443, '172.16.31.121', 443),
(55550, 55565, 3, 1666360444, 1666360453, 'tcp', '192.168.31.131', 53140, '192.168.31.111', 443, '172.16.31.121', 443),
(55550, 55565, 3, 1666360444, 1666360453, 'tcp', '192.168.31.131', 53142, '192.168.31.111', 443, '172.16.31.121', 443),
(55550, 55565, 3, 1666360451, 1666360461, 'tcp', '192.168.31.131', 53148, '192.168.31.111', 443, '172.16.31.121', 443),
(55550, 55565, 3, 1666360451, 1666360461, 'tcp', '192.168.31.131', 53150, '192.168.31.111', 443, '172.16.31.121', 443),
(55550, 55565, 3, 1666360451, 1666360461, 'tcp', '192.168.31.131', 53152, '192.168.31.111', 443, '172.16.31.121', 443),
(55550, 55565, 3, 1666360451, 1666360461, 'tcp', '192.168.31.131', 53154, '192.168.31.111', 443, '172.16.31.121', 443),
(55550, 55565, 3, 1666360453, 1666360463, 'tcp', '192.168.31.131', 53156, '192.168.31.111', 443, '172.16.31.121', 443),
(55550, 55565, 3, 1666360453, 1666360463, 'tcp', '192.168.31.131', 53158, '192.168.31.111', 443, '172.16.31.121', 443),
(55550, 55565, 3, 1666360453, 1666360463, 'tcp', '192.168.31.131', 53160, '192.168.31.111', 443, '172.16.31.121', 443),
(55550, 55565, 3, 1666360453, 1666360463, 'tcp', '192.168.31.131', 53162, '192.168.31.111', 443, '172.16.31.121', 443),
(55550, 55565, 3, 1666360455, 1666360465, 'tcp', '192.168.31.131', 53164, '192.168.31.111', 443, '172.16.31.121', 443),
(55550, 55565, 3, 1666360455, 1666360465, 'tcp', '192.168.31.131', 53166, '192.168.31.111', 443, '172.16.31.121', 443),
(55550, 55565, 3, 1666360457, 1666360465, 'tcp', '192.168.31.131', 53168, '192.168.31.111', 443, '172.16.31.121', 443),
(55550, 55565, 3, 1666360457, 1666360467, 'tcp', '192.168.31.131', 53170, '192.168.31.111', 443, '172.16.31.121', 443),
(55550, 55565, 3, 1666360457, 1666360467, 'tcp', '192.168.31.131', 53172, '192.168.31.111', 443, '172.16.31.121', 443),
(55550, 55565, 3, 1666360457, 1666360467, 'tcp', '192.168.31.131', 53174, '192.168.31.111', 443, '172.16.31.121', 443),
(55550, 55565, 3, 1666360459, 1666360469, 'tcp', '192.168.31.131', 53176, '192.168.31.111', 443, '172.16.31.121', 443),
(55550, 55565, 3, 1666360459, 1666360469, 'tcp', '192.168.31.131', 53178, '192.168.31.111', 443, '172.16.31.121', 443),
(55550, 55565, 3, 1666360459, 1666360469, 'tcp', '192.168.31.131', 53180, '192.168.31.111', 443, '172.16.31.121', 443),
(55550, 55565, 3, 1666360459, 1666360469, 'tcp', '192.168.31.131', 53182, '192.168.31.111', 443, '172.16.31.121', 443),
(55550, 55565, 3, 1666360461, 1666360471, 'tcp', '192.168.31.131', 53184, '192.168.31.111', 443, '172.16.31.121', 443),
(55550, 55565, 3, 1666360461, 1666360471, 'tcp', '192.168.31.131', 53186, '192.168.31.111', 443, '172.16.31.121', 443),
(55550, 55565, 3, 1666360461, 1666360471, 'tcp', '192.168.31.131', 53188, '192.168.31.111', 443, '172.16.31.121', 443),
(55550, 55565, 3, 1666360461, 1666360471, 'tcp', '192.168.31.131', 53190, '192.168.31.111', 443, '172.16.31.121', 443),
(55550, 55565, 3, 1666360463, 1666360473, 'tcp', '192.168.31.131', 53192, '192.168.31.111', 443, '172.16.31.121', 443),
(55550, 55565, 3, 1666360463, 1666360473, 'tcp', '192.168.31.131', 53194, '192.168.31.111', 443, '172.16.31.121', 443),
(55550, 55565, 3, 1666360463, 1666360473, 'tcp', '192.168.31.131', 53196, '192.168.31.111', 443, '172.16.31.121', 443),
(55550, 55565, 3, 1666360463, 1666360473, 'tcp', '192.168.31.131', 53198, '192.168.31.111', 443, '172.16.31.121', 443),
(55550, 55565, 3, 1666360465, 1666360475, 'tcp', '192.168.31.131', 53200, '192.168.31.111', 443, '172.16.31.121', 443),
(55550, 55565, 3, 1666360465, 1666360475, 'tcp', '192.168.31.131', 53202, '192.168.31.111', 443, '172.16.31.121', 443),
(55550, 55565, 3, 1666360467, 1666360477, 'tcp', '192.168.31.131', 53204, '192.168.31.111', 443, '172.16.31.121', 443),
(55550, 55565, 3, 1666360467, 1666360477, 'tcp', '192.168.31.131', 53206, '192.168.31.111', 443, '172.16.31.121', 443),
(55550, 55565, 3, 1666360467, 1666360477, 'tcp', '192.168.31.131', 53208, '192.168.31.111', 443, '172.16.31.121', 443),
(55550, 55565, 3, 1666360467, 1666360477, 'tcp', '192.168.31.131', 53210, '192.168.31.111', 443, '172.16.31.121', 443),
(55550, 55565, 3, 1666360473, 1666360483, 'tcp', '192.168.31.131', 53214, '192.168.31.111', 443, '172.16.31.121', 443),
(55550, 55565, 3, 1666360473, 1666360483, 'tcp', '192.168.31.131', 53216, '192.168.31.111', 443, '172.16.31.121', 443),
(55550, 55565, 3, 1666360475, 1666360483, 'tcp', '192.168.31.131', 53218, '192.168.31.111', 443, '172.16.31.121', 443),
(55550, 55565, 3, 1666360475, 1666360485, 'tcp', '192.168.31.131', 53220, '192.168.31.111', 443, '172.16.31.121', 443),
(55550, 55565, 3, 1666360475, 1666360485, 'tcp', '192.168.31.131', 53222, '192.168.31.111', 443, '172.16.31.121', 443),
(55550, 55565, 3, 1666360475, 1666360485, 'tcp', '192.168.31.131', 53224, '192.168.31.111', 443, '172.16.31.121', 443),
(55550, 55565, 3, 1666360477, 1666360487, 'tcp', '192.168.31.131', 53226, '192.168.31.111', 443, '172.16.31.121', 443),
(55550, 55565, 3, 1666360477, 1666360487, 'tcp', '192.168.31.131', 53228, '192.168.31.111', 443, '172.16.31.121', 443),
(55550, 55565, 3, 1666360477, 1666360487, 'tcp', '192.168.31.131', 53230, '192.168.31.111', 443, '172.16.31.121', 443),
(55550, 55565, 3, 1666360477, 1666360487, 'tcp', '192.168.31.131', 53232, '192.168.31.111', 443, '172.16.31.121', 443),
(55550, 55565, 3, 1666360479, 1666360489, 'tcp', '192.168.31.131', 53234, '192.168.31.111', 443, '172.16.31.121', 443),
(55550, 55565, 3, 1666360479, 1666360489, 'tcp', '192.168.31.131', 53236, '192.168.31.111', 443, '172.16.31.121', 443),
(55550, 55565, 3, 1666360479, 1666360489, 'tcp', '192.168.31.131', 53238, '192.168.31.111', 443, '172.16.31.121', 443),
(55550, 55565, 3, 1666360479, 1666360489, 'tcp', '192.168.31.131', 53240, '192.168.31.111', 443, '172.16.31.121', 443),
(55550, 55565, 3, 1666360481, 1666360491, 'tcp', '192.168.31.131', 53242, '192.168.31.111', 443, '172.16.31.121', 443),
(55550, 55565, 3, 1666360481, 1666360491, 'tcp', '192.168.31.131', 53244, '192.168.31.111', 443, '172.16.31.121', 443),
(55550, 55565, 3, 1666360481, 1666360491, 'tcp', '192.168.31.131', 53246, '192.168.31.111', 443, '172.16.31.121', 443),
(55550, 55565, 3, 1666360481, 1666360491, 'tcp', '192.168.31.131', 53248, '192.168.31.111', 443, '172.16.31.121', 443),
(55550, 55565, 3, 1666360483, 1666360493, 'tcp', '192.168.31.131', 53250, '192.168.31.111', 443, '172.16.31.121', 443),
(55550, 55565, 3, 1666360483, 1666360493, 'tcp', '192.168.31.131', 53252, '192.168.31.111', 443, '172.16.31.121', 443),
(55550, 55565, 3, 1666360485, 1666360493, 'tcp', '192.168.31.131', 53254, '192.168.31.111', 443, '172.16.31.121', 443),
(55550, 55565, 3, 1666360485, 1666360495, 'tcp', '192.168.31.131', 53256, '192.168.31.111', 443, '172.16.31.121', 443),
(55550, 55565, 3, 1666360485, 1666360495, 'tcp', '192.168.31.131', 53258, '192.168.31.111', 443, '172.16.31.121', 443),
(55550, 55565, 3, 1666360485, 1666360495, 'tcp', '192.168.31.131', 53260, '192.168.31.111', 443, '172.16.31.121', 443),
(55550, 55565, 3, 1666360487, 1666360497, 'tcp', '192.168.31.131', 53262, '192.168.31.111', 443, '172.16.31.121', 443),
(55550, 55565, 3, 1666360487, 1666360497, 'tcp', '192.168.31.131', 53264, '192.168.31.111', 443, '172.16.31.121', 443),
(55550, 55565, 3, 1666360487, 1666360497, 'tcp', '192.168.31.131', 53266, '192.168.31.111', 443, '172.16.31.121', 443),
(55550, 55565, 3, 1666360487, 1666360497, 'tcp', '192.168.31.131', 53268, '192.168.31.111', 443, '172.16.31.121', 443),
(55550, 55565, 3, 1666360489, 1666360499, 'tcp', '192.168.31.131', 53270, '192.168.31.111', 443, '172.16.31.121', 443),
(55550, 55565, 3, 1666360489, 1666360499, 'tcp', '192.168.31.131', 53272, '192.168.31.111', 443, '172.16.31.121', 443),
(55550, 55565, 3, 1666360489, 1666360499, 'tcp', '192.168.31.131', 53274, '192.168.31.111', 443, '172.16.31.121', 443),
(55550, 55565, 3, 1666360489, 1666360499, 'tcp', '192.168.31.131', 53276, '192.168.31.111', 443, '172.16.31.121', 443),
(55550, 55565, 3, 1666360491, 1666360501, 'tcp', '192.168.31.131', 53278, '192.168.31.111', 443, '172.16.31.121', 443),
(55550, 55565, 3, 1666360491, 1666360501, 'tcp', '192.168.31.131', 53280, '192.168.31.111', 443, '172.16.31.121', 443),
(55550, 55565, 3, 1666360491, 1666360501, 'tcp', '192.168.31.131', 53282, '192.168.31.111', 443, '172.16.31.121', 443),
(55550, 55565, 3, 1666360491, 1666360501, 'tcp', '192.168.31.131', 53284, '192.168.31.111', 443, '172.16.31.121', 443),
(55550, 55565, 3, 1666360493, 1666360503, 'tcp', '192.168.31.131', 53286, '192.168.31.111', 443, '172.16.31.121', 443),
(55550, 55565, 3, 1666360493, 1666360503, 'tcp', '192.168.31.131', 53288, '192.168.31.111', 443, '172.16.31.121', 443),
(55550, 55565, 3, 1666360495, 1666360503, 'tcp', '192.168.31.131', 53290, '192.168.31.111', 443, '172.16.31.121', 443),
(55550, 55565, 3, 1666360495, 1666360503, 'tcp', '192.168.31.131', 53292, '192.168.31.111', 443, '172.16.31.121', 443),
(55550, 55565, 3, 1666360495, 1666360505, 'tcp', '192.168.31.131', 53294, '192.168.31.111', 443, '172.16.31.121', 443),
(55550, 55565, 3, 1666360495, 1666360505, 'tcp', '192.168.31.131', 53296, '192.168.31.111', 443, '172.16.31.121', 443),
(55550, 55565, 3, 1666360497, 1666360507, 'tcp', '192.168.31.131', 53298, '192.168.31.111', 443, '172.16.31.121', 443),
(55550, 55565, 3, 1666360497, 1666360507, 'tcp', '192.168.31.131', 53300, '192.168.31.111', 443, '172.16.31.121', 443),
(55550, 55565, 3, 1666360497, 1666360507, 'tcp', '192.168.31.131', 53302, '192.168.31.111', 443, '172.16.31.121', 443),
(55550, 55565, 3, 1666360497, 1666360507, 'tcp', '192.168.31.131', 53304, '192.168.31.111', 443, '172.16.31.121', 443),
(55550, 55565, 3, 1666360499, 1666360509, 'tcp', '192.168.31.131', 53306, '192.168.31.111', 443, '172.16.31.121', 443),
(55550, 55565, 3, 1666360499, 1666360509, 'tcp', '192.168.31.131', 53308, '192.168.31.111', 443, '172.16.31.121', 443),
(55550, 55565, 3, 1666360910, 1666360920, 'tcp', '192.168.31.131', 53348, '192.168.31.111', 443, '172.16.31.121', 443),
(55550, 55565, 3, 1666360910, 1666360920, 'tcp', '192.168.31.131', 53350, '192.168.31.111', 443, '172.16.31.121', 443),
(55550, 55565, 3, 1666360910, 1666360920, 'tcp', '192.168.31.131', 53352, '192.168.31.111', 443, '172.16.31.121', 443),
(55550, 55565, 3, 1666360910, 1666360920, 'tcp', '192.168.31.131', 53354, '192.168.31.111', 443, '172.16.31.121', 443),
(55550, 55565, 3, 1666360912, 1666360922, 'tcp', '192.168.31.131', 53356, '192.168.31.111', 443, '172.16.31.121', 443),
(55550, 55565, 3, 1666360912, 1666360922, 'tcp', '192.168.31.131', 53358, '192.168.31.111', 443, '172.16.31.121', 443),
(55550, 55565, 3, 1666360912, 1666360922, 'tcp', '192.168.31.131', 53360, '192.168.31.111', 443, '172.16.31.121', 443),
(55550, 55565, 3, 1666360912, 1666360922, 'tcp', '192.168.31.131', 53362, '192.168.31.111', 443, '172.16.31.121', 443),
(55550, 55565, 3, 1666360914, 1666360924, 'tcp', '192.168.31.131', 53364, '192.168.31.111', 443, '172.16.31.121', 443),
(55550, 55565, 3, 1666360914, 1666360924, 'tcp', '192.168.31.131', 53366, '192.168.31.111', 443, '172.16.31.121', 443),
(55550, 55565, 3, 1666360914, 1666360924, 'tcp', '192.168.31.131', 53368, '192.168.31.111', 443, '172.16.31.121', 443),
(55550, 55565, 3, 1666360914, 1666360924, 'tcp', '192.168.31.131', 53370, '192.168.31.111', 443, '172.16.31.121', 443),
(55550, 55565, 3, 1666360916, 1666360926, 'tcp', '192.168.31.131', 53372, '192.168.31.111', 443, '172.16.31.121', 443),
(55550, 55565, 3, 1666360916, 1666360926, 'tcp', '192.168.31.131', 53374, '192.168.31.111', 443, '172.16.31.121', 443),
(55550, 55565, 3, 1666360918, 1666360926, 'tcp', '192.168.31.131', 53376, '192.168.31.111', 443, '172.16.31.121', 443),
(55550, 55565, 3, 1666360918, 1666360926, 'tcp', '192.168.31.131', 53378, '192.168.31.111', 443, '172.16.31.121', 443),
(55550, 55565, 3, 1666360918, 1666360928, 'tcp', '192.168.31.131', 53380, '192.168.31.111', 443, '172.16.31.121', 443),
(55550, 55565, 3, 1666360918, 1666360928, 'tcp', '192.168.31.131', 53382, '192.168.31.111', 443, '172.16.31.121', 443);
INSERT INTO `closed_connection` (`gateway_sdpid`, `client_sdpid`, `service_id`, `start_timestamp`, `end_timestamp`, `protocol`, `source_ip`, `source_port`, `destination_ip`, `destination_port`, `nat_destination_ip`, `nat_destination_port`) VALUES
(55550, 55565, 3, 1666360920, 1666360930, 'tcp', '192.168.31.131', 53384, '192.168.31.111', 443, '172.16.31.121', 443),
(55550, 55565, 3, 1666360920, 1666360930, 'tcp', '192.168.31.131', 53386, '192.168.31.111', 443, '172.16.31.121', 443),
(55550, 55565, 3, 1666360920, 1666360930, 'tcp', '192.168.31.131', 53388, '192.168.31.111', 443, '172.16.31.121', 443),
(55550, 55565, 3, 1666360920, 1666360930, 'tcp', '192.168.31.131', 53390, '192.168.31.111', 443, '172.16.31.121', 443),
(55550, 55565, 3, 1666360922, 1666360932, 'tcp', '192.168.31.131', 53392, '192.168.31.111', 443, '172.16.31.121', 443),
(55550, 55565, 3, 1666360922, 1666360932, 'tcp', '192.168.31.131', 53394, '192.168.31.111', 443, '172.16.31.121', 443),
(55550, 55565, 3, 1666360922, 1666360932, 'tcp', '192.168.31.131', 53396, '192.168.31.111', 443, '172.16.31.121', 443),
(55550, 55565, 3, 1666360922, 1666360932, 'tcp', '192.168.31.131', 53398, '192.168.31.111', 443, '172.16.31.121', 443),
(55550, 55565, 3, 1666360924, 1666360934, 'tcp', '192.168.31.131', 53400, '192.168.31.111', 443, '172.16.31.121', 443),
(55550, 55565, 3, 1666360924, 1666360934, 'tcp', '192.168.31.131', 53402, '192.168.31.111', 443, '172.16.31.121', 443),
(55550, 55565, 3, 1666360924, 1666360934, 'tcp', '192.168.31.131', 53404, '192.168.31.111', 443, '172.16.31.121', 443),
(55550, 55565, 3, 1666360924, 1666360934, 'tcp', '192.168.31.131', 53406, '192.168.31.111', 443, '172.16.31.121', 443),
(55550, 55565, 3, 1666360926, 1666360936, 'tcp', '192.168.31.131', 53408, '192.168.31.111', 443, '172.16.31.121', 443),
(55550, 55565, 3, 1666360926, 1666360936, 'tcp', '192.168.31.131', 53410, '192.168.31.111', 443, '172.16.31.121', 443),
(55550, 55565, 3, 1666360926, 1666360936, 'tcp', '192.168.31.131', 53412, '192.168.31.111', 443, '172.16.31.121', 443),
(55550, 55565, 3, 1666360926, 1666360936, 'tcp', '192.168.31.131', 53414, '192.168.31.111', 443, '172.16.31.121', 443),
(55550, 55565, 3, 1666360928, 1666360938, 'tcp', '192.168.31.131', 53416, '192.168.31.111', 443, '172.16.31.121', 443),
(55550, 55565, 3, 1666360928, 1666360938, 'tcp', '192.168.31.131', 53418, '192.168.31.111', 443, '172.16.31.121', 443),
(55550, 55565, 3, 1666360930, 1666360940, 'tcp', '192.168.31.131', 53420, '192.168.31.111', 443, '172.16.31.121', 443),
(55550, 55565, 3, 1666360930, 1666360940, 'tcp', '192.168.31.131', 53422, '192.168.31.111', 443, '172.16.31.121', 443),
(55550, 55565, 3, 1666360930, 1666360940, 'tcp', '192.168.31.131', 53424, '192.168.31.111', 443, '172.16.31.121', 443),
(55550, 55565, 3, 1666360930, 1666360940, 'tcp', '192.168.31.131', 53426, '192.168.31.111', 443, '172.16.31.121', 443),
(55550, 55565, 3, 1666360932, 1666360943, 'tcp', '192.168.31.131', 53428, '192.168.31.111', 443, '172.16.31.121', 443),
(55550, 55565, 3, 1666360932, 1666360943, 'tcp', '192.168.31.131', 53430, '192.168.31.111', 443, '172.16.31.121', 443),
(55550, 55565, 3, 1666360932, 1666360943, 'tcp', '192.168.31.131', 53432, '192.168.31.111', 443, '172.16.31.121', 443),
(55550, 55565, 3, 1666360932, 1666360943, 'tcp', '192.168.31.131', 53434, '192.168.31.111', 443, '172.16.31.121', 443),
(55550, 55565, 3, 1666360934, 1666360945, 'tcp', '192.168.31.131', 53436, '192.168.31.111', 443, '172.16.31.121', 443),
(55550, 55565, 3, 1666360934, 1666360945, 'tcp', '192.168.31.131', 53438, '192.168.31.111', 443, '172.16.31.121', 443),
(55550, 55565, 3, 1666360934, 1666360945, 'tcp', '192.168.31.131', 53440, '192.168.31.111', 443, '172.16.31.121', 443),
(55550, 55565, 3, 1666360934, 1666360945, 'tcp', '192.168.31.131', 53442, '192.168.31.111', 443, '172.16.31.121', 443),
(55550, 55565, 3, 1666361082, 1666361092, 'tcp', '192.168.31.131', 53448, '192.168.31.111', 443, '172.16.31.121', 443),
(55550, 55565, 3, 1666361082, 1666361092, 'tcp', '192.168.31.131', 53450, '192.168.31.111', 443, '172.16.31.121', 443),
(55550, 55565, 3, 1666361084, 1666361094, 'tcp', '192.168.31.131', 53452, '192.168.31.111', 443, '172.16.31.121', 443),
(55550, 55565, 3, 1666361084, 1666361094, 'tcp', '192.168.31.131', 53454, '192.168.31.111', 443, '172.16.31.121', 443),
(55550, 55565, 3, 1666361084, 1666361094, 'tcp', '192.168.31.131', 53456, '192.168.31.111', 443, '172.16.31.121', 443),
(55550, 55565, 3, 1666361084, 1666361094, 'tcp', '192.168.31.131', 53458, '192.168.31.111', 443, '172.16.31.121', 443),
(55550, 55565, 3, 1666361086, 1666361096, 'tcp', '192.168.31.131', 53460, '192.168.31.111', 443, '172.16.31.121', 443),
(55550, 55565, 3, 1666361086, 1666361096, 'tcp', '192.168.31.131', 53462, '192.168.31.111', 443, '172.16.31.121', 443),
(55550, 55565, 3, 1666361086, 1666361096, 'tcp', '192.168.31.131', 53464, '192.168.31.111', 443, '172.16.31.121', 443),
(55550, 55565, 3, 1666361086, 1666361096, 'tcp', '192.168.31.131', 53466, '192.168.31.111', 443, '172.16.31.121', 443),
(55550, 55565, 3, 1666361088, 1666361098, 'tcp', '192.168.31.131', 53468, '192.168.31.111', 443, '172.16.31.121', 443),
(55550, 55565, 3, 1666361088, 1666361098, 'tcp', '192.168.31.131', 53470, '192.168.31.111', 443, '172.16.31.121', 443),
(55550, 55565, 3, 1666361088, 1666361098, 'tcp', '192.168.31.131', 53472, '192.168.31.111', 443, '172.16.31.121', 443),
(55550, 55565, 3, 1666361088, 1666361098, 'tcp', '192.168.31.131', 53474, '192.168.31.111', 443, '172.16.31.121', 443),
(55550, 55565, 3, 1666361090, 1666361100, 'tcp', '192.168.31.131', 53476, '192.168.31.111', 443, '172.16.31.121', 443),
(55550, 55565, 3, 1666361090, 1666361100, 'tcp', '192.168.31.131', 53478, '192.168.31.111', 443, '172.16.31.121', 443),
(55550, 55565, 3, 1666361090, 1666361100, 'tcp', '192.168.31.131', 53480, '192.168.31.111', 443, '172.16.31.121', 443),
(55550, 55565, 3, 1666361092, 1666361100, 'tcp', '192.168.31.131', 53482, '192.168.31.111', 443, '172.16.31.121', 443),
(55550, 55565, 3, 1666361092, 1666361102, 'tcp', '192.168.31.131', 53484, '192.168.31.111', 443, '172.16.31.121', 443),
(55550, 55565, 3, 1666361092, 1666361102, 'tcp', '192.168.31.131', 53486, '192.168.31.111', 443, '172.16.31.121', 443),
(55550, 55565, 3, 1666361094, 1666361104, 'tcp', '192.168.31.131', 53488, '192.168.31.111', 443, '172.16.31.121', 443),
(55550, 55565, 3, 1666361094, 1666361104, 'tcp', '192.168.31.131', 53490, '192.168.31.111', 443, '172.16.31.121', 443),
(55550, 55565, 3, 1666361094, 1666361104, 'tcp', '192.168.31.131', 53492, '192.168.31.111', 443, '172.16.31.121', 443),
(55550, 55565, 3, 1666361094, 1666361104, 'tcp', '192.168.31.131', 53494, '192.168.31.111', 443, '172.16.31.121', 443),
(55550, 55565, 3, 1666361096, 1666361106, 'tcp', '192.168.31.131', 53496, '192.168.31.111', 443, '172.16.31.121', 443),
(55550, 55565, 3, 1666361096, 1666361106, 'tcp', '192.168.31.131', 53498, '192.168.31.111', 443, '172.16.31.121', 443),
(55550, 55565, 3, 1666361096, 1666361106, 'tcp', '192.168.31.131', 53500, '192.168.31.111', 443, '172.16.31.121', 443),
(55550, 55565, 3, 1666361096, 1666361106, 'tcp', '192.168.31.131', 53502, '192.168.31.111', 443, '172.16.31.121', 443),
(55550, 55565, 3, 1666361098, 1666361108, 'tcp', '192.168.31.131', 53504, '192.168.31.111', 443, '172.16.31.121', 443),
(55550, 55565, 3, 1666361098, 1666361108, 'tcp', '192.168.31.131', 53506, '192.168.31.111', 443, '172.16.31.121', 443),
(55550, 55565, 3, 1666361098, 1666361108, 'tcp', '192.168.31.131', 53508, '192.168.31.111', 443, '172.16.31.121', 443),
(55550, 55565, 3, 1666361098, 1666361108, 'tcp', '192.168.31.131', 53510, '192.168.31.111', 443, '172.16.31.121', 443),
(55550, 55565, 3, 1666361100, 1666361110, 'tcp', '192.168.31.131', 53512, '192.168.31.111', 443, '172.16.31.121', 443),
(55550, 55565, 3, 1666361100, 1666361110, 'tcp', '192.168.31.131', 53514, '192.168.31.111', 443, '172.16.31.121', 443),
(55550, 55565, 3, 1666361100, 1666361110, 'tcp', '192.168.31.131', 53516, '192.168.31.111', 443, '172.16.31.121', 443),
(55550, 55565, 3, 1666361102, 1666361112, 'tcp', '192.168.31.131', 53518, '192.168.31.111', 443, '172.16.31.121', 443),
(55550, 55565, 3, 1666361102, 1666361112, 'tcp', '192.168.31.131', 53520, '192.168.31.111', 443, '172.16.31.121', 443),
(55550, 55565, 3, 1666361102, 1666361112, 'tcp', '192.168.31.131', 53522, '192.168.31.111', 443, '172.16.31.121', 443),
(55550, 55565, 3, 1666361104, 1666361114, 'tcp', '192.168.31.131', 53524, '192.168.31.111', 443, '172.16.31.121', 443),
(55550, 55565, 3, 1666361104, 1666361114, 'tcp', '192.168.31.131', 53526, '192.168.31.111', 443, '172.16.31.121', 443),
(55550, 55565, 3, 1666361104, 1666361114, 'tcp', '192.168.31.131', 53528, '192.168.31.111', 443, '172.16.31.121', 443),
(55550, 55565, 3, 1666361104, 1666361114, 'tcp', '192.168.31.131', 53530, '192.168.31.111', 443, '172.16.31.121', 443),
(55550, 55565, 3, 1666361106, 1666361116, 'tcp', '192.168.31.131', 53532, '192.168.31.111', 443, '172.16.31.121', 443),
(55550, 55565, 3, 1666361106, 1666361116, 'tcp', '192.168.31.131', 53534, '192.168.31.111', 443, '172.16.31.121', 443),
(55550, 55565, 3, 1666361106, 1666361116, 'tcp', '192.168.31.131', 53536, '192.168.31.111', 443, '172.16.31.121', 443),
(55550, 55565, 3, 1666361106, 1666361116, 'tcp', '192.168.31.131', 53538, '192.168.31.111', 443, '172.16.31.121', 443),
(55550, 55565, 3, 1666361108, 1666361118, 'tcp', '192.168.31.131', 53540, '192.168.31.111', 443, '172.16.31.121', 443),
(55550, 55565, 3, 1666361108, 1666361118, 'tcp', '192.168.31.131', 53542, '192.168.31.111', 443, '172.16.31.121', 443),
(55550, 55565, 3, 1666362960, 1666362970, 'tcp', '192.168.31.131', 53550, '192.168.31.111', 443, '172.16.31.121', 443),
(55550, 55565, 3, 1666362984, 1666362994, 'tcp', '192.168.31.131', 53554, '192.168.31.111', 443, '172.16.31.121', 443),
(55550, 55565, 3, 1666363020, 1666363030, 'tcp', '192.168.31.131', 53558, '192.168.31.111', 443, '172.16.31.121', 443),
(55550, 55565, 3, 1666363055, 1666363067, 'tcp', '192.168.31.131', 53562, '192.168.31.111', 443, '172.16.31.121', 443),
(55550, 55565, 3, 1666364323, 1666364384, 'tcp', '192.168.31.131', 53620, '192.168.31.111', 443, '172.16.31.121', 443),
(55550, 55565, 3, 1666364630, 1666364691, 'tcp', '192.168.31.131', 53628, '192.168.31.111', 443, '172.16.31.121', 443),
(55550, 55565, 3, 1666364992, 1666365118, 'tcp', '192.168.31.131', 53638, '192.168.31.111', 443, '172.16.31.121', 443),
(55550, 55565, 3, 1666365112, 1666365173, 'tcp', '192.168.31.131', 53698, '192.168.31.111', 443, '172.16.31.121', 443),
(55550, 55565, 3, 1666365226, 1666365288, 'tcp', '192.168.31.131', 53704, '192.168.31.111', 443, '172.16.31.121', 443),
(55550, 55565, 3, 1666365358, 1666365419, 'tcp', '192.168.31.131', 53710, '192.168.31.111', 443, '172.16.31.121', 443),
(55550, 55565, 3, 1666365461, 1666365522, 'tcp', '192.168.31.131', 53716, '192.168.31.111', 443, '172.16.31.121', 443),
(55550, 55565, 3, 1666365536, 1666365612, 'tcp', '192.168.31.131', 53722, '192.168.31.111', 443, '172.16.31.121', 443),
(55550, 55565, 3, 1666365601, 1666365760, 'tcp', '192.168.31.131', 53734, '192.168.31.111', 443, '172.16.31.121', 443),
(55550, 55565, 3, 1666365750, 1666365811, 'tcp', '192.168.31.131', 53798, '192.168.31.111', 443, '172.16.31.121', 443),
(55550, 55565, 3, 1666366292, 1666366353, 'tcp', '192.168.31.131', 53808, '192.168.31.111', 443, '172.16.31.121', 443),
(55550, 55565, 3, 1666366343, 1666366402, 'tcp', '192.168.31.131', 53810, '192.168.31.111', 443, '172.16.31.121', 443),
(55550, 55565, 3, 1666366394, 1666366414, 'tcp', '192.168.31.131', 53812, '192.168.31.111', 443, '172.16.31.121', 443),
(55550, 55565, 3, 1666366412, 1666366457, 'tcp', '192.168.31.131', 53816, '192.168.31.111', 443, '172.16.31.121', 443),
(55550, 55565, 3, 1666366462, 1666366523, 'tcp', '192.168.31.131', 53820, '192.168.31.111', 443, '172.16.31.121', 443),
(55550, 55565, 3, 1666366513, 1666366574, 'tcp', '192.168.31.131', 53822, '192.168.31.111', 443, '172.16.31.121', 443),
(55550, 55565, 3, 1666366566, 1666366622, 'tcp', '192.168.31.131', 53824, '192.168.31.111', 443, '172.16.31.121', 443),
(55550, 55565, 3, 1666366617, 1666366679, 'tcp', '192.168.31.131', 53828, '192.168.31.111', 443, '172.16.31.121', 443),
(55550, 55565, 3, 1666366767, 1666366827, 'tcp', '192.168.31.131', 53834, '192.168.31.111', 443, '172.16.31.121', 443),
(55550, 55565, 3, 1666366833, 1666366894, 'tcp', '192.168.31.131', 53836, '192.168.31.111', 443, '172.16.31.121', 443),
(55550, 55565, 3, 1666366894, 1666366955, 'tcp', '192.168.31.131', 53842, '192.168.31.111', 443, '172.16.31.121', 443),
(55550, 55565, 3, 1666367013, 1666367074, 'tcp', '192.168.31.131', 53852, '192.168.31.111', 443, '172.16.31.121', 443),
(55550, 55565, 3, 1666367330, 1666367391, 'tcp', '192.168.31.131', 53864, '192.168.31.111', 443, '172.16.31.121', 443),
(55550, 55565, 3, 1666367426, 1666367436, 'tcp', '192.168.31.131', 53876, '192.168.31.111', 443, '172.16.31.121', 443),
(55550, 55565, 3, 1666367426, 1666367436, 'tcp', '192.168.31.131', 53878, '192.168.31.111', 443, '172.16.31.121', 443),
(55550, 55565, 3, 1666367426, 1666367438, 'tcp', '192.168.31.131', 53880, '192.168.31.111', 443, '172.16.31.121', 443),
(55550, 55565, 3, 1666367428, 1666367438, 'tcp', '192.168.31.131', 53882, '192.168.31.111', 443, '172.16.31.121', 443),
(55550, 55565, 3, 1666367428, 1666367438, 'tcp', '192.168.31.131', 53884, '192.168.31.111', 443, '172.16.31.121', 443),
(55550, 55565, 3, 1666367428, 1666367438, 'tcp', '192.168.31.131', 53886, '192.168.31.111', 443, '172.16.31.121', 443),
(55550, 55565, 3, 1666367430, 1666367440, 'tcp', '192.168.31.131', 53888, '192.168.31.111', 443, '172.16.31.121', 443),
(55550, 55565, 3, 1666367430, 1666367440, 'tcp', '192.168.31.131', 53890, '192.168.31.111', 443, '172.16.31.121', 443),
(55550, 55565, 3, 1666367430, 1666367440, 'tcp', '192.168.31.131', 53892, '192.168.31.111', 443, '172.16.31.121', 443),
(55550, 55565, 3, 1666367430, 1666367442, 'tcp', '192.168.31.131', 53894, '192.168.31.111', 443, '172.16.31.121', 443),
(55550, 55565, 3, 1666367432, 1666367442, 'tcp', '192.168.31.131', 53896, '192.168.31.111', 443, '172.16.31.121', 443),
(55550, 55565, 3, 1666367432, 1666367442, 'tcp', '192.168.31.131', 53898, '192.168.31.111', 443, '172.16.31.121', 443),
(55550, 55565, 3, 1666367432, 1666367442, 'tcp', '192.168.31.131', 53900, '192.168.31.111', 443, '172.16.31.121', 443),
(55550, 55565, 3, 1666367432, 1666367444, 'tcp', '192.168.31.131', 53902, '192.168.31.111', 443, '172.16.31.121', 443),
(55550, 55565, 3, 1666367434, 1666367444, 'tcp', '192.168.31.131', 53904, '192.168.31.111', 443, '172.16.31.121', 443),
(55550, 55565, 3, 1666367434, 1666367444, 'tcp', '192.168.31.131', 53906, '192.168.31.111', 443, '172.16.31.121', 443),
(55550, 55565, 3, 1666367434, 1666367444, 'tcp', '192.168.31.131', 53908, '192.168.31.111', 443, '172.16.31.121', 443),
(55550, 55565, 3, 1666367434, 1666367446, 'tcp', '192.168.31.131', 53910, '192.168.31.111', 443, '172.16.31.121', 443),
(55550, 55565, 3, 1666367436, 1666367446, 'tcp', '192.168.31.131', 53912, '192.168.31.111', 443, '172.16.31.121', 443),
(55550, 55565, 3, 1666367436, 1666367446, 'tcp', '192.168.31.131', 53914, '192.168.31.111', 443, '172.16.31.121', 443),
(55550, 55565, 3, 1666367436, 1666367446, 'tcp', '192.168.31.131', 53916, '192.168.31.111', 443, '172.16.31.121', 443),
(55550, 55565, 3, 1666367438, 1666367448, 'tcp', '192.168.31.131', 53918, '192.168.31.111', 443, '172.16.31.121', 443),
(55550, 55565, 3, 1666367438, 1666367448, 'tcp', '192.168.31.131', 53920, '192.168.31.111', 443, '172.16.31.121', 443),
(55550, 55565, 3, 1666367438, 1666367448, 'tcp', '192.168.31.131', 53922, '192.168.31.111', 443, '172.16.31.121', 443),
(55550, 55565, 3, 1666367438, 1666367450, 'tcp', '192.168.31.131', 53924, '192.168.31.111', 443, '172.16.31.121', 443),
(55550, 55565, 3, 1666367440, 1666367450, 'tcp', '192.168.31.131', 53926, '192.168.31.111', 443, '172.16.31.121', 443),
(55550, 55565, 3, 1666367440, 1666367450, 'tcp', '192.168.31.131', 53928, '192.168.31.111', 443, '172.16.31.121', 443),
(55550, 55565, 3, 1666367440, 1666367452, 'tcp', '192.168.31.131', 53930, '192.168.31.111', 443, '172.16.31.121', 443),
(55550, 55565, 3, 1666367442, 1666367452, 'tcp', '192.168.31.131', 53932, '192.168.31.111', 443, '172.16.31.121', 443),
(55550, 55565, 3, 1666367442, 1666367452, 'tcp', '192.168.31.131', 53934, '192.168.31.111', 443, '172.16.31.121', 443),
(55550, 55565, 3, 1666367442, 1666367452, 'tcp', '192.168.31.131', 53936, '192.168.31.111', 443, '172.16.31.121', 443),
(55550, 55565, 3, 1666367442, 1666367454, 'tcp', '192.168.31.131', 53938, '192.168.31.111', 443, '172.16.31.121', 443),
(55550, 55565, 3, 1666367444, 1666367454, 'tcp', '192.168.31.131', 53940, '192.168.31.111', 443, '172.16.31.121', 443),
(55550, 55565, 3, 1666367444, 1666367454, 'tcp', '192.168.31.131', 53942, '192.168.31.111', 443, '172.16.31.121', 443),
(55550, 55565, 3, 1666367444, 1666367456, 'tcp', '192.168.31.131', 53944, '192.168.31.111', 443, '172.16.31.121', 443),
(55550, 55565, 3, 1666367446, 1666367456, 'tcp', '192.168.31.131', 53946, '192.168.31.111', 443, '172.16.31.121', 443),
(55550, 55565, 3, 1666367446, 1666367456, 'tcp', '192.168.31.131', 53948, '192.168.31.111', 443, '172.16.31.121', 443),
(55550, 55565, 3, 1666367446, 1666367458, 'tcp', '192.168.31.131', 53950, '192.168.31.111', 443, '172.16.31.121', 443),
(55550, 55565, 3, 1666367448, 1666367458, 'tcp', '192.168.31.131', 53952, '192.168.31.111', 443, '172.16.31.121', 443),
(55550, 55565, 3, 1666367448, 1666367458, 'tcp', '192.168.31.131', 53954, '192.168.31.111', 443, '172.16.31.121', 443),
(55550, 55565, 3, 1666367448, 1666367458, 'tcp', '192.168.31.131', 53956, '192.168.31.111', 443, '172.16.31.121', 443),
(55550, 55565, 3, 1666367448, 1666367461, 'tcp', '192.168.31.131', 53958, '192.168.31.111', 443, '172.16.31.121', 443),
(55550, 55565, 3, 1666367450, 1666367461, 'tcp', '192.168.31.131', 53960, '192.168.31.111', 443, '172.16.31.121', 443),
(55550, 55565, 3, 1666367450, 1666367461, 'tcp', '192.168.31.131', 53962, '192.168.31.111', 443, '172.16.31.121', 443),
(55550, 55565, 3, 1666367450, 1666367463, 'tcp', '192.168.31.131', 53964, '192.168.31.111', 443, '172.16.31.121', 443),
(55550, 55565, 3, 1666367452, 1666367463, 'tcp', '192.168.31.131', 53966, '192.168.31.111', 443, '172.16.31.121', 443),
(55550, 55565, 3, 1666367452, 1666367463, 'tcp', '192.168.31.131', 53968, '192.168.31.111', 443, '172.16.31.121', 443),
(55550, 55565, 3, 1666367452, 1666367465, 'tcp', '192.168.31.131', 53970, '192.168.31.111', 443, '172.16.31.121', 443),
(55550, 55565, 3, 1666367454, 1666367465, 'tcp', '192.168.31.131', 53972, '192.168.31.111', 443, '172.16.31.121', 443),
(55550, 55565, 3, 1666367454, 1666367465, 'tcp', '192.168.31.131', 53974, '192.168.31.111', 443, '172.16.31.121', 443),
(55550, 55565, 3, 1666367492, 1666367526, 'tcp', '192.168.31.131', 53986, '192.168.31.111', 443, '172.16.31.121', 443),
(55550, 55565, 3, 1666367516, 1666367554, 'tcp', '192.168.31.131', 53988, '192.168.31.111', 443, '172.16.31.121', 443),
(55550, 55565, 3, 1666367560, 1666367621, 'tcp', '192.168.31.131', 53994, '192.168.31.111', 443, '172.16.31.121', 443),
(55550, 55565, 3, 1666367739, 1666367800, 'tcp', '192.168.31.131', 54004, '192.168.31.111', 443, '172.16.31.121', 443),
(55550, 55565, 3, 1666367868, 1666367927, 'tcp', '192.168.31.131', 54014, '192.168.31.111', 443, '172.16.31.121', 443),
(55550, 55565, 3, 1666368231, 1666368291, 'tcp', '192.168.31.131', 54042, '192.168.31.111', 443, '172.16.31.121', 443),
(55550, 55565, 3, 1666368314, 1666368371, 'tcp', '192.168.31.131', 54050, '192.168.31.111', 443, '172.16.31.121', 443),
(55550, 55565, 3, 1666368541, 1666368602, 'tcp', '192.168.31.131', 54064, '192.168.31.111', 443, '172.16.31.121', 443),
(55550, 55565, 3, 1666368820, 1666368881, 'tcp', '192.168.31.131', 54072, '192.168.31.111', 443, '172.16.31.121', 443),
(55550, 55565, 3, 1666368881, 1666368942, 'tcp', '192.168.31.131', 54080, '192.168.31.111', 443, '172.16.31.121', 443),
(55550, 55565, 3, 1666368942, 1666369003, 'tcp', '192.168.31.131', 54088, '192.168.31.111', 443, '172.16.31.121', 443),
(55550, 55565, 3, 1666369003, 1666369059, 'tcp', '192.168.31.131', 54096, '192.168.31.111', 443, '172.16.31.121', 443),
(55550, 55565, 3, 1666369053, 1666369112, 'tcp', '192.168.31.131', 54100, '192.168.31.111', 443, '172.16.31.121', 443),
(55550, 55565, 3, 1666369114, 1666369130, 'tcp', '192.168.31.131', 54108, '192.168.31.111', 443, '172.16.31.121', 443),
(55550, 55565, 3, 1666369124, 1666369185, 'tcp', '192.168.31.131', 54112, '192.168.31.111', 443, '172.16.31.121', 443),
(55550, 55565, 3, 1666369251, 1666369312, 'tcp', '192.168.31.131', 54122, '192.168.31.111', 443, '172.16.31.121', 443),
(55550, 55565, 3, 1666369365, 1666369426, 'tcp', '192.168.31.131', 54132, '192.168.31.111', 443, '172.16.31.121', 443),
(55550, 55565, 3, 1666369420, 1666369480, 'tcp', '192.168.31.131', 54142, '192.168.31.111', 443, '172.16.31.121', 443),
(55550, 55565, 3, 1666369474, 1666369535, 'tcp', '192.168.31.131', 54152, '192.168.31.111', 443, '172.16.31.121', 443),
(55550, 55565, 3, 1666369529, 1666369541, 'tcp', '192.168.31.131', 54162, '192.168.31.111', 443, '172.16.31.121', 443),
(55550, 55565, 3, 1666377223, 1666377233, 'tcp', '192.168.31.131', 54166, '192.168.31.111', 443, '172.16.31.121', 443),
(55550, 55565, 3, 1666377245, 1666377256, 'tcp', '192.168.31.131', 54170, '192.168.31.111', 443, '172.16.31.121', 443),
(55550, 55565, 3, 1666377317, 1666377327, 'tcp', '192.168.31.131', 54174, '192.168.31.111', 443, '172.16.31.121', 443),
(55550, 55565, 3, 1666377723, 1666377733, 'tcp', '192.168.31.131', 54178, '192.168.31.111', 443, '172.16.31.121', 443),
(55550, 55565, 3, 1666377801, 1666377862, 'tcp', '192.168.31.131', 56918, '192.168.31.111', 443, '172.16.31.121', 443),
(55550, 55565, 3, 1666377856, 1666377917, 'tcp', '192.168.31.131', 56928, '192.168.31.111', 443, '172.16.31.121', 443),
(55550, 55565, 3, 1666377911, 1666377971, 'tcp', '192.168.31.131', 56938, '192.168.31.111', 443, '172.16.31.121', 443),
(55550, 55565, 3, 1666377965, 1666378026, 'tcp', '192.168.31.131', 56948, '192.168.31.111', 443, '172.16.31.121', 443),
(55550, 55565, 3, 1666378020, 1666378081, 'tcp', '192.168.31.131', 56958, '192.168.31.111', 443, '172.16.31.121', 443),
(55550, 55565, 3, 1666378075, 1666378136, 'tcp', '192.168.31.131', 56968, '192.168.31.111', 443, '172.16.31.121', 443),
(55550, 55565, 3, 1666378129, 1666378191, 'tcp', '192.168.31.131', 56978, '192.168.31.111', 443, '172.16.31.121', 443),
(55550, 55565, 3, 1666378184, 1666378246, 'tcp', '192.168.31.131', 56988, '192.168.31.111', 443, '172.16.31.121', 443),
(55550, 55565, 3, 1666378240, 1666378301, 'tcp', '192.168.31.131', 56998, '192.168.31.111', 443, '172.16.31.121', 443),
(55550, 55565, 3, 1666378295, 1666378350, 'tcp', '192.168.31.131', 57008, '192.168.31.111', 443, '172.16.31.121', 443),
(55550, 55565, 3, 1666378412, 1666378453, 'tcp', '192.168.31.131', 45622, '192.168.31.111', 443, '172.16.31.121', 443),
(55550, 55565, 3, 1666378522, 1666378530, 'tcp', '192.168.31.131', 33534, '192.168.31.111', 443, '172.16.31.121', 443),
(55550, 55565, 3, 1666378535, 1666378546, 'tcp', '192.168.31.131', 33538, '192.168.31.111', 443, '172.16.31.121', 443),
(55550, 55565, 3, 1666378578, 1666378639, 'tcp', '192.168.31.131', 33542, '192.168.31.111', 443, '172.16.31.121', 443),
(55550, 55565, 3, 1666378633, 1666378694, 'tcp', '192.168.31.131', 33552, '192.168.31.111', 443, '172.16.31.121', 443),
(55550, 55565, 3, 1666378688, 1666378749, 'tcp', '192.168.31.131', 33562, '192.168.31.111', 443, '172.16.31.121', 443),
(55550, 55565, 3, 1666378743, 1666378804, 'tcp', '192.168.31.131', 33572, '192.168.31.111', 443, '172.16.31.121', 443),
(55550, 55565, 3, 1666378798, 1666378859, 'tcp', '192.168.31.131', 33582, '192.168.31.111', 443, '172.16.31.121', 443),
(55550, 55565, 3, 1666378853, 1666378914, 'tcp', '192.168.31.131', 33592, '192.168.31.111', 443, '172.16.31.121', 443),
(55550, 55565, 3, 1666378908, 1666378969, 'tcp', '192.168.31.131', 33602, '192.168.31.111', 443, '172.16.31.121', 443),
(55550, 55565, 3, 1666378963, 1666379024, 'tcp', '192.168.31.131', 33612, '192.168.31.111', 443, '172.16.31.121', 443),
(55550, 55565, 3, 1666379018, 1666379077, 'tcp', '192.168.31.131', 33622, '192.168.31.111', 443, '172.16.31.121', 443),
(55550, 55565, 3, 1666379071, 1666379132, 'tcp', '192.168.31.131', 33632, '192.168.31.111', 443, '172.16.31.121', 443),
(55550, 55565, 3, 1666379126, 1666379187, 'tcp', '192.168.31.131', 33642, '192.168.31.111', 443, '172.16.31.121', 443),
(55550, 55565, 3, 1666379183, 1666379242, 'tcp', '192.168.31.131', 33652, '192.168.31.111', 443, '172.16.31.121', 443),
(55550, 55565, 3, 1666379236, 1666379297, 'tcp', '192.168.31.131', 33662, '192.168.31.111', 443, '172.16.31.121', 443),
(55550, 55565, 3, 1666379291, 1666379352, 'tcp', '192.168.31.131', 33672, '192.168.31.111', 443, '172.16.31.121', 443),
(55550, 55565, 3, 1666379346, 1666379407, 'tcp', '192.168.31.131', 33682, '192.168.31.111', 443, '172.16.31.121', 443),
(55550, 55565, 3, 1666379401, 1666379462, 'tcp', '192.168.31.131', 33692, '192.168.31.111', 443, '172.16.31.121', 443),
(55550, 55565, 3, 1666379456, 1666379517, 'tcp', '192.168.31.131', 33702, '192.168.31.111', 443, '172.16.31.121', 443),
(55550, 55565, 3, 1666379511, 1666379572, 'tcp', '192.168.31.131', 33712, '192.168.31.111', 443, '172.16.31.121', 443),
(55550, 55565, 3, 1666379566, 1666379627, 'tcp', '192.168.31.131', 33722, '192.168.31.111', 443, '172.16.31.121', 443),
(55550, 55565, 3, 1666379621, 1666379682, 'tcp', '192.168.31.131', 33732, '192.168.31.111', 443, '172.16.31.121', 443),
(55550, 55565, 3, 1666379676, 1666379737, 'tcp', '192.168.31.131', 33742, '192.168.31.111', 443, '172.16.31.121', 443),
(55550, 55565, 3, 1666379731, 1666379793, 'tcp', '192.168.31.131', 33752, '192.168.31.111', 443, '172.16.31.121', 443),
(55550, 55565, 3, 1666379787, 1666379846, 'tcp', '192.168.31.131', 33762, '192.168.31.111', 443, '172.16.31.121', 443),
(55550, 55565, 3, 1666379840, 1666379901, 'tcp', '192.168.31.131', 33772, '192.168.31.111', 443, '172.16.31.121', 443),
(55550, 55565, 3, 1666379895, 1666379956, 'tcp', '192.168.31.131', 33782, '192.168.31.111', 443, '172.16.31.121', 443),
(55550, 55565, 3, 1666379950, 1666380012, 'tcp', '192.168.31.131', 33792, '192.168.31.111', 443, '172.16.31.121', 443),
(55550, 55565, 3, 1666380006, 1666380067, 'tcp', '192.168.31.131', 33802, '192.168.31.111', 443, '172.16.31.121', 443),
(55550, 55565, 3, 1666380061, 1666380122, 'tcp', '192.168.31.131', 33812, '192.168.31.111', 443, '172.16.31.121', 443),
(55550, 55565, 3, 1666380116, 1666380177, 'tcp', '192.168.31.131', 33822, '192.168.31.111', 443, '172.16.31.121', 443),
(55550, 55565, 3, 1666380171, 1666380232, 'tcp', '192.168.31.131', 33832, '192.168.31.111', 443, '172.16.31.121', 443),
(55550, 55565, 3, 1666380226, 1666380287, 'tcp', '192.168.31.131', 33842, '192.168.31.111', 443, '172.16.31.121', 443),
(55550, 55565, 3, 1666380281, 1666380342, 'tcp', '192.168.31.131', 33852, '192.168.31.111', 443, '172.16.31.121', 443),
(55550, 55565, 3, 1666380336, 1666380397, 'tcp', '192.168.31.131', 33862, '192.168.31.111', 443, '172.16.31.121', 443),
(55550, 55565, 3, 1666380391, 1666380450, 'tcp', '192.168.31.131', 33872, '192.168.31.111', 443, '172.16.31.121', 443),
(55550, 55565, 3, 1666380446, 1666380505, 'tcp', '192.168.31.131', 33882, '192.168.31.111', 443, '172.16.31.121', 443),
(55550, 55565, 3, 1666380499, 1666380561, 'tcp', '192.168.31.131', 33892, '192.168.31.111', 443, '172.16.31.121', 443),
(55550, 55565, 3, 1666380555, 1666380616, 'tcp', '192.168.31.131', 33902, '192.168.31.111', 443, '172.16.31.121', 443),
(55550, 55565, 3, 1666380610, 1666380671, 'tcp', '192.168.31.131', 33912, '192.168.31.111', 443, '172.16.31.121', 443),
(55550, 55565, 3, 1666380665, 1666380726, 'tcp', '192.168.31.131', 33922, '192.168.31.111', 443, '172.16.31.121', 443),
(55550, 55565, 3, 1666380720, 1666380781, 'tcp', '192.168.31.131', 33932, '192.168.31.111', 443, '172.16.31.121', 443),
(55550, 55565, 3, 1666380775, 1666380835, 'tcp', '192.168.31.131', 33942, '192.168.31.111', 443, '172.16.31.121', 443),
(55550, 55565, 3, 1666380829, 1666380891, 'tcp', '192.168.31.131', 33952, '192.168.31.111', 443, '172.16.31.121', 443),
(55550, 55565, 3, 1666380885, 1666380947, 'tcp', '192.168.31.131', 33962, '192.168.31.111', 443, '172.16.31.121', 443),
(55550, 55565, 3, 1666380941, 1666380987, 'tcp', '192.168.31.131', 33972, '192.168.31.111', 443, '172.16.31.121', 443),
(55550, 55565, 3, 1666381006, 1666381068, 'tcp', '192.168.31.131', 34278, '192.168.31.111', 443, '172.16.31.121', 443),
(55550, 55565, 3, 1666381062, 1666381123, 'tcp', '192.168.31.131', 34288, '192.168.31.111', 443, '172.16.31.121', 443),
(55550, 55565, 3, 1666381116, 1666381178, 'tcp', '192.168.31.131', 34298, '192.168.31.111', 443, '172.16.31.121', 443),
(55550, 55565, 3, 1666381172, 1666381232, 'tcp', '192.168.31.131', 34308, '192.168.31.111', 443, '172.16.31.121', 443),
(55550, 55565, 3, 1666381226, 1666381288, 'tcp', '192.168.31.131', 34318, '192.168.31.111', 443, '172.16.31.121', 443),
(55550, 55565, 3, 1666381282, 1666381342, 'tcp', '192.168.31.131', 34328, '192.168.31.111', 443, '172.16.31.121', 443),
(55550, 55565, 3, 1666381336, 1666381397, 'tcp', '192.168.31.131', 34338, '192.168.31.111', 443, '172.16.31.121', 443),
(55550, 55565, 3, 1666381391, 1666381452, 'tcp', '192.168.31.131', 34348, '192.168.31.111', 443, '172.16.31.121', 443),
(55550, 55565, 3, 1666381446, 1666381507, 'tcp', '192.168.31.131', 34358, '192.168.31.111', 443, '172.16.31.121', 443),
(55550, 55565, 3, 1666381501, 1666381562, 'tcp', '192.168.31.131', 34368, '192.168.31.111', 443, '172.16.31.121', 443),
(55550, 55565, 3, 1666381556, 1666381617, 'tcp', '192.168.31.131', 34378, '192.168.31.111', 443, '172.16.31.121', 443),
(55550, 55565, 3, 1666381611, 1666381672, 'tcp', '192.168.31.131', 34388, '192.168.31.111', 443, '172.16.31.121', 443),
(55550, 55565, 3, 1666381666, 1666381727, 'tcp', '192.168.31.131', 34398, '192.168.31.111', 443, '172.16.31.121', 443),
(55550, 55565, 3, 1666381721, 1666381781, 'tcp', '192.168.31.131', 34408, '192.168.31.111', 443, '172.16.31.121', 443),
(55550, 55565, 3, 1666381775, 1666381836, 'tcp', '192.168.31.131', 34418, '192.168.31.111', 443, '172.16.31.121', 443),
(55550, 55565, 3, 1666381830, 1666381891, 'tcp', '192.168.31.131', 34428, '192.168.31.111', 443, '172.16.31.121', 443),
(55550, 55565, 3, 1666381885, 1666381946, 'tcp', '192.168.31.131', 34438, '192.168.31.111', 443, '172.16.31.121', 443),
(55550, 55565, 3, 1666381940, 1666382001, 'tcp', '192.168.31.131', 34448, '192.168.31.111', 443, '172.16.31.121', 443),
(55550, 55565, 3, 1666381995, 1666382056, 'tcp', '192.168.31.131', 34458, '192.168.31.111', 443, '172.16.31.121', 443),
(55550, 55565, 3, 1666382050, 1666382111, 'tcp', '192.168.31.131', 34468, '192.168.31.111', 443, '172.16.31.121', 443),
(55550, 55565, 3, 1666382105, 1666382166, 'tcp', '192.168.31.131', 34478, '192.168.31.111', 443, '172.16.31.121', 443),
(55550, 55565, 3, 1666382160, 1666382220, 'tcp', '192.168.31.131', 34488, '192.168.31.111', 443, '172.16.31.121', 443),
(55550, 55565, 3, 1666382214, 1666382275, 'tcp', '192.168.31.131', 34498, '192.168.31.111', 443, '172.16.31.121', 443),
(55550, 55565, 3, 1666382269, 1666382330, 'tcp', '192.168.31.131', 34508, '192.168.31.111', 443, '172.16.31.121', 443),
(55550, 55565, 3, 1666382324, 1666382385, 'tcp', '192.168.31.131', 34518, '192.168.31.111', 443, '172.16.31.121', 443),
(55550, 55565, 3, 1666382379, 1666382440, 'tcp', '192.168.31.131', 34528, '192.168.31.111', 443, '172.16.31.121', 443),
(55550, 55565, 3, 1666382433, 1666382494, 'tcp', '192.168.31.131', 34538, '192.168.31.111', 443, '172.16.31.121', 443),
(55550, 55565, 3, 1666382488, 1666382549, 'tcp', '192.168.31.131', 34548, '192.168.31.111', 443, '172.16.31.121', 443),
(55550, 55565, 3, 1666382543, 1666382604, 'tcp', '192.168.31.131', 34558, '192.168.31.111', 443, '172.16.31.121', 443),
(55550, 55565, 3, 1666382598, 1666382659, 'tcp', '192.168.31.131', 34568, '192.168.31.111', 443, '172.16.31.121', 443),
(55550, 55565, 3, 1666382653, 1666382713, 'tcp', '192.168.31.131', 34578, '192.168.31.111', 443, '172.16.31.121', 443),
(55550, 55565, 3, 1666382707, 1666382769, 'tcp', '192.168.31.131', 34588, '192.168.31.111', 443, '172.16.31.121', 443),
(55550, 55565, 3, 1666382763, 1666382823, 'tcp', '192.168.31.131', 34598, '192.168.31.111', 443, '172.16.31.121', 443),
(55550, 55565, 3, 1666382819, 1666382879, 'tcp', '192.168.31.131', 34608, '192.168.31.111', 443, '172.16.31.121', 443),
(55550, 55565, 3, 1666382873, 1666382934, 'tcp', '192.168.31.131', 34618, '192.168.31.111', 443, '172.16.31.121', 443),
(55550, 55565, 3, 1666382928, 1666382990, 'tcp', '192.168.31.131', 34628, '192.168.31.111', 443, '172.16.31.121', 443),
(55550, 55565, 3, 1666382984, 1666383043, 'tcp', '192.168.31.131', 34638, '192.168.31.111', 443, '172.16.31.121', 443),
(55550, 55565, 3, 1666383037, 1666383099, 'tcp', '192.168.31.131', 34648, '192.168.31.111', 443, '172.16.31.121', 443),
(55550, 55565, 3, 1666383093, 1666383115, 'tcp', '192.168.31.131', 34658, '192.168.31.111', 443, '172.16.31.121', 443),
(55550, 55565, 3, 1666383291, 1666383302, 'tcp', '192.168.31.131', 34662, '192.168.31.111', 443, '172.16.31.121', 443),
(55550, 55565, 3, 1666441370, 1666441431, 'tcp', '192.168.31.131', 34666, '192.168.31.111', 443, '172.16.31.121', 443),
(55550, 55565, 3, 1666441425, 1666441486, 'tcp', '192.168.31.131', 34676, '192.168.31.111', 443, '172.16.31.121', 443),
(55550, 55565, 3, 1666441482, 1666441500, 'tcp', '192.168.31.131', 34686, '192.168.31.111', 443, '172.16.31.121', 443),
(55550, 55565, 3, 1666441496, 1666441521, 'tcp', '192.168.31.131', 34690, '192.168.31.111', 443, '172.16.31.121', 443),
(55550, 55565, 3, 1666441517, 1666441545, 'tcp', '192.168.31.131', 34694, '192.168.31.111', 443, '172.16.31.121', 443),
(55550, 55565, 3, 1666441539, 1666441548, 'tcp', '192.168.31.131', 34698, '192.168.31.111', 443, '172.16.31.121', 443),
(55550, 55565, 3, 1666441550, 1666441591, 'tcp', '192.168.31.131', 34702, '192.168.31.111', 443, '172.16.31.121', 443),
(55550, 55565, 3, 1666441585, 1666441646, 'tcp', '192.168.31.131', 34706, '192.168.31.111', 443, '172.16.31.121', 443),
(55550, 55565, 3, 1666441640, 1666441701, 'tcp', '192.168.31.131', 34716, '192.168.31.111', 443, '172.16.31.121', 443),
(55550, 55565, 3, 1666441695, 1666441756, 'tcp', '192.168.31.131', 34726, '192.168.31.111', 443, '172.16.31.121', 443),
(55550, 55565, 3, 1666441750, 1666441812, 'tcp', '192.168.31.131', 34736, '192.168.31.111', 443, '172.16.31.121', 443),
(55550, 55565, 3, 1666441806, 1666441867, 'tcp', '192.168.31.131', 34746, '192.168.31.111', 443, '172.16.31.121', 443),
(55550, 55565, 3, 1666441861, 1666441921, 'tcp', '192.168.31.131', 34756, '192.168.31.111', 443, '172.16.31.121', 443),
(55550, 55565, 3, 1666441915, 1666441978, 'tcp', '192.168.31.131', 34766, '192.168.31.111', 443, '172.16.31.121', 443),
(55550, 55565, 3, 1666441972, 1666442033, 'tcp', '192.168.31.131', 34776, '192.168.31.111', 443, '172.16.31.121', 443),
(55550, 55565, 3, 1666442027, 1666442088, 'tcp', '192.168.31.131', 34786, '192.168.31.111', 443, '172.16.31.121', 443),
(55550, 55565, 3, 1666442082, 1666442144, 'tcp', '192.168.31.131', 34796, '192.168.31.111', 443, '172.16.31.121', 443),
(55550, 55565, 3, 1666442137, 1666442199, 'tcp', '192.168.31.131', 34806, '192.168.31.111', 443, '172.16.31.121', 443),
(55550, 55565, 3, 1666442192, 1666442254, 'tcp', '192.168.31.131', 34816, '192.168.31.111', 443, '172.16.31.121', 443),
(55550, 55565, 3, 1666442248, 1666442309, 'tcp', '192.168.31.131', 34826, '192.168.31.111', 443, '172.16.31.121', 443),
(55550, 55565, 3, 1666442302, 1666442364, 'tcp', '192.168.31.131', 34836, '192.168.31.111', 443, '172.16.31.121', 443),
(55550, 55565, 3, 1666442358, 1666442419, 'tcp', '192.168.31.131', 34846, '192.168.31.111', 443, '172.16.31.121', 443),
(55550, 55565, 3, 1666442413, 1666442473, 'tcp', '192.168.31.131', 34856, '192.168.31.111', 443, '172.16.31.121', 443),
(55550, 55565, 3, 1666442467, 1666442528, 'tcp', '192.168.31.131', 34866, '192.168.31.111', 443, '172.16.31.121', 443),
(55550, 55565, 3, 1666442522, 1666442585, 'tcp', '192.168.31.131', 34876, '192.168.31.111', 443, '172.16.31.121', 443),
(55550, 55565, 3, 1666442579, 1666442640, 'tcp', '192.168.31.131', 34886, '192.168.31.111', 443, '172.16.31.121', 443),
(55550, 55565, 3, 1666442634, 1666442693, 'tcp', '192.168.31.131', 34896, '192.168.31.111', 443, '172.16.31.121', 443),
(55550, 55565, 3, 1666442689, 1666442712, 'tcp', '192.168.31.131', 34906, '192.168.31.111', 443, '172.16.31.121', 443);

-- --------------------------------------------------------

--
-- Table structure for table `controller`
--

CREATE TABLE `controller` (
  `sdpid` int(11) NOT NULL,
  `name` varchar(1024) COLLATE utf8_bin NOT NULL,
  `address` varchar(4096) COLLATE utf8_bin NOT NULL COMMENT 'ip or url',
  `port` int(11) NOT NULL,
  `gateway_sdpid` int(11) DEFAULT NULL,
  `service_id` int(11) DEFAULT NULL
) ENGINE=InnoDB DEFAULT CHARSET=utf8 COLLATE=utf8_bin;

-- --------------------------------------------------------

--
-- Table structure for table `environment`
--

CREATE TABLE `environment` (
  `id` int(11) NOT NULL,
  `name` varchar(1024) COLLATE utf8_bin NOT NULL,
  `mobile` tinyint(1) NOT NULL,
  `os_group` enum('Android','iOS','Windows','OSX','Linux') COLLATE utf8_bin NOT NULL,
  `os_version` varchar(1024) COLLATE utf8_bin NOT NULL
) ENGINE=InnoDB DEFAULT CHARSET=utf8 COLLATE=utf8_bin;

-- --------------------------------------------------------

--
-- Table structure for table `gateway`
--

CREATE TABLE `gateway` (
  `sdpid` int(11) NOT NULL,
  `name` varchar(1024) COLLATE utf8_bin NOT NULL,
  `address` varchar(1024) COLLATE utf8_bin NOT NULL COMMENT 'ip or url',
  `port` int(11) DEFAULT NULL
) ENGINE=InnoDB DEFAULT CHARSET=utf8 COLLATE=utf8_bin;

-- --------------------------------------------------------

--
-- Table structure for table `gateway_controller`
--

CREATE TABLE `gateway_controller` (
  `id` int(11) NOT NULL,
  `gateway_sdpid` int(11) NOT NULL,
  `controller_sdpid` int(11) NOT NULL
) ENGINE=InnoDB DEFAULT CHARSET=utf8 COLLATE=utf8_bin;

-- --------------------------------------------------------

--
-- Table structure for table `group`
--

CREATE TABLE `group` (
  `id` int(11) NOT NULL,
  `valid` tinyint(4) NOT NULL DEFAULT 1,
  `name` varchar(1024) COLLATE utf8_bin NOT NULL,
  `Description` varchar(4096) COLLATE utf8_bin NOT NULL
) ENGINE=InnoDB DEFAULT CHARSET=utf8 COLLATE=utf8_bin;

--
-- Dumping data for table `group`
--

INSERT INTO `group` (`id`, `valid`, `name`, `Description`) VALUES
(1, 1, 'ADMIN', 'Administrators'),
(2, 1, 'VSR', 'Distributed and Self-organizing Systems'),
(3, 1, 'IWU', 'Institute for Machine Tools and Forming Technology'),
(4, 1, 'IPT', 'Institute for Production Technology'),
(5, 0, 'IVI', 'Institute for Transportation and Infrastructure Systems'),
(6, 0, 'IWS', 'Institute for Material and Beam Technology'),
(7, 0, 'ENAS', 'Institute for Electronic Nano Systems'),
(8, 0, 'IFF', 'Institute for Factory Operation and Automation');

--
-- Triggers `group`
--
DELIMITER $$
CREATE TRIGGER `group_after_delete` AFTER DELETE ON `group` FOR EACH ROW BEGIN
    INSERT INTO refresh_trigger
    SET table_name = 'group',
        event = 'delete';
END
$$
DELIMITER ;

-- --------------------------------------------------------

--
-- Table structure for table `group_mqtttopic`
--

CREATE TABLE `group_mqtttopic` (
  `id` int(11) NOT NULL,
  `group_id` int(11) NOT NULL,
  `topic_id` int(11) NOT NULL,
  `access` enum('read','write','readwrite','deny') NOT NULL DEFAULT 'deny'
) ENGINE=InnoDB DEFAULT CHARSET=utf8mb4;

--
-- Triggers `group_mqtttopic`
--
DELIMITER $$
CREATE TRIGGER `group_mqtttopic_after_delete` AFTER DELETE ON `group_mqtttopic` FOR EACH ROW BEGIN
    INSERT INTO refresh_trigger
    SET table_name = 'service_gateway',
        event = 'delete';
END
$$
DELIMITER ;
DELIMITER $$
CREATE TRIGGER `group_mqtttopic_after_insert` AFTER INSERT ON `group_mqtttopic` FOR EACH ROW BEGIN
    INSERT INTO refresh_trigger
    SET table_name = 'service_gateway',
        event = 'insert';
END
$$
DELIMITER ;
DELIMITER $$
CREATE TRIGGER `group_mqtttopic_after_update` AFTER UPDATE ON `group_mqtttopic` FOR EACH ROW BEGIN
    INSERT INTO refresh_trigger
    SET table_name = 'service_gateway',
        event = 'update';
END
$$
DELIMITER ;

-- --------------------------------------------------------

--
-- Table structure for table `group_service`
--

CREATE TABLE `group_service` (
  `id` int(11) NOT NULL,
  `group_id` int(11) NOT NULL,
  `service_id` int(11) NOT NULL
) ENGINE=InnoDB DEFAULT CHARSET=utf8 COLLATE=utf8_bin;

--
-- Dumping data for table `group_service`
--

INSERT INTO `group_service` (`id`, `group_id`, `service_id`) VALUES
(2, 3, 3),
(3, 3, 1),
(4, 5, 1),
(5, 7, 1),
(9, 3, 2),
(10, 7, 2),
(11, 5, 2),
(12, 7, 3),
(13, 5, 3),
(23, 2, 1);

--
-- Triggers `group_service`
--
DELIMITER $$
CREATE TRIGGER `group_service_after_delete` AFTER DELETE ON `group_service` FOR EACH ROW BEGIN
    INSERT INTO refresh_trigger
    SET table_name = 'group_service',
        event = 'delete';
END
$$
DELIMITER ;
DELIMITER $$
CREATE TRIGGER `group_service_after_insert` AFTER INSERT ON `group_service` FOR EACH ROW BEGIN
    INSERT INTO refresh_trigger
    SET table_name = 'group_service',
        event = 'insert';
END
$$
DELIMITER ;
DELIMITER $$
CREATE TRIGGER `group_service_after_update` AFTER UPDATE ON `group_service` FOR EACH ROW BEGIN
    INSERT INTO refresh_trigger
    SET table_name = 'group_service',
        event = 'update';
END
$$
DELIMITER ;

-- --------------------------------------------------------

--
-- Table structure for table `httpurl`
--

CREATE TABLE `httpurl` (
  `id` int(11) NOT NULL,
  `url` text NOT NULL,
  `access` varchar(16) NOT NULL
) ENGINE=InnoDB DEFAULT CHARSET=utf8mb4;

--
-- Dumping data for table `httpurl`
--

INSERT INTO `httpurl` (`id`, `url`, `access`) VALUES
(1, 'api/private', 'deny'),
(2, 'api/superprivate', 'deny'),
(3, 'api/moreprivate', 'deny');

-- --------------------------------------------------------

--
-- Table structure for table `mqtttopic`
--

CREATE TABLE `mqtttopic` (
  `id` int(11) NOT NULL,
  `valid` tinyint(4) NOT NULL DEFAULT 1,
  `name` text NOT NULL,
  `description` text NOT NULL,
  `service_id` int(11) DEFAULT NULL
) ENGINE=InnoDB DEFAULT CHARSET=utf8mb4;

--
-- Dumping data for table `mqtttopic`
--

INSERT INTO `mqtttopic` (`id`, `valid`, `name`, `description`, `service_id`) VALUES
(1, 1, '55560/dev1/temperature', 'temperature', 2),
(2, 1, '55560/dev2/humidity', 'humidity', 2),
(3, 1, '55561/dev1/current', 'current', 2),
(4, 1, '55561/dev2/voltage', 'voltage', NULL),
(5, 1, '55562/dev1/pressure', 'pressure', 2),
(6, 1, '55563/dev1/waterlevel', 'waterlevel', NULL),
(7, 1, '55563/dev2/rotationspeed', 'rotationspeed', NULL);

-- --------------------------------------------------------

--
-- Table structure for table `open_connection`
--

CREATE TABLE `open_connection` (
  `gateway_sdpid` int(11) NOT NULL,
  `client_sdpid` int(11) NOT NULL,
  `service_id` int(11) NOT NULL,
  `start_timestamp` bigint(20) NOT NULL,
  `end_timestamp` bigint(20) NOT NULL,
  `protocol` tinytext COLLATE utf8_bin NOT NULL,
  `source_ip` tinytext COLLATE utf8_bin NOT NULL,
  `source_port` int(11) NOT NULL,
  `destination_ip` tinytext COLLATE utf8_bin NOT NULL,
  `destination_port` int(11) NOT NULL,
  `nat_destination_ip` tinytext COLLATE utf8_bin NOT NULL,
  `nat_destination_port` int(11) NOT NULL,
  `gateway_controller_connection_id` int(11) NOT NULL COMMENT 'Only used to track open conns, not an index to a table'
) ENGINE=InnoDB DEFAULT CHARSET=utf8 COLLATE=utf8_bin;

-- --------------------------------------------------------

--
-- Table structure for table `refresh_trigger`
--

CREATE TABLE `refresh_trigger` (
  `id` bigint(20) UNSIGNED NOT NULL,
  `timestamp` timestamp NOT NULL DEFAULT current_timestamp() ON UPDATE current_timestamp(),
  `table_name` tinytext COLLATE utf8_bin NOT NULL,
  `event` tinytext COLLATE utf8_bin NOT NULL
) ENGINE=InnoDB DEFAULT CHARSET=utf8 COLLATE=utf8_bin;

--
-- Dumping data for table `refresh_trigger`
--

INSERT INTO `refresh_trigger` (`id`, `timestamp`, `table_name`, `event`) VALUES
(51, '2022-09-11 17:42:39', 'sdpid_service', 'insert'),
(52, '2022-09-11 17:43:13', 'service_gateway', 'insert'),
(53, '2022-09-11 19:02:03', 'service_gateway', 'update'),
(54, '2022-09-11 19:12:59', 'service_gateway', 'insert'),
(55, '2022-09-11 19:15:59', 'user_group', 'insert'),
(56, '2022-09-11 19:16:17', 'group_service', 'insert'),
(57, '2022-09-15 08:29:35', 'service_gateway', 'delete'),
(58, '2022-09-15 08:29:35', 'service_gateway', 'delete'),
(59, '2022-09-15 08:29:35', 'service_gateway', 'delete'),
(60, '2022-09-15 08:29:35', 'service_gateway', 'delete'),
(61, '2022-09-15 08:30:55', 'service_gateway', 'insert'),
(62, '2022-09-15 08:30:55', 'service_gateway', 'insert'),
(63, '2022-09-15 08:30:55', 'service_gateway', 'insert'),
(64, '2022-09-15 08:30:55', 'service_gateway', 'insert'),
(65, '2022-09-15 17:41:41', 'service_gateway', 'update'),
(66, '2022-09-15 17:41:47', 'service_gateway', 'update'),
(67, '2022-09-15 21:44:21', 'service_gateway', 'update'),
(68, '2022-09-15 21:48:35', 'service_gateway', 'update'),
(69, '2022-09-15 22:05:43', 'service_gateway', 'update'),
(70, '2022-09-15 22:05:50', 'service_gateway', 'update'),
(71, '2022-09-15 22:38:59', 'service_gateway', 'update'),
(72, '2022-09-15 22:45:44', 'service_gateway', 'update'),
(73, '2022-09-16 13:24:23', 'service_gateway', 'update'),
(74, '2022-09-16 13:24:27', 'service_gateway', 'update'),
(75, '2022-09-16 14:25:06', 'service_gateway', 'update'),
(76, '2022-09-16 14:25:09', 'service_gateway', 'update'),
(77, '2022-09-16 14:27:29', 'service_gateway', 'update'),
(78, '2022-09-16 14:29:18', 'service_gateway', 'update'),
(79, '2022-09-16 14:29:33', 'service_gateway', 'update'),
(80, '2022-09-23 14:00:29', 'sdpid_service', 'insert'),
(81, '2022-09-23 14:10:43', 'service_gateway', 'update'),
(82, '2022-09-23 14:10:55', 'service_gateway', 'update'),
(83, '2022-09-23 14:11:38', 'service_gateway', 'update'),
(84, '2022-09-24 07:08:01', 'sdpid_service', 'insert'),
(85, '2022-09-26 07:04:13', 'service', 'delete'),
(86, '2022-09-26 20:28:56', 'service', 'delete'),
(87, '2022-09-26 23:22:06', 'service', 'delete'),
(88, '2022-09-26 23:27:37', 'service', 'delete'),
(89, '2022-09-26 23:32:47', 'service', 'delete'),
(90, '2022-09-27 18:59:44', 'service', 'delete'),
(91, '2022-09-27 19:05:40', 'service', 'delete'),
(92, '2022-09-27 19:06:02', 'service', 'delete'),
(93, '2022-09-27 19:06:32', 'service', 'delete'),
(94, '2022-09-28 07:42:01', 'service', 'delete'),
(95, '2022-09-28 07:42:07', 'service', 'delete'),
(96, '2022-09-28 07:42:10', 'service', 'delete'),
(97, '2022-09-28 07:42:14', 'service', 'delete'),
(98, '2022-09-28 07:45:48', 'service', 'delete'),
(99, '2022-09-28 07:59:49', 'service', 'delete'),
(100, '2022-09-28 08:33:28', 'user', 'delete'),
(101, '2022-09-28 09:39:32', 'sdpid', 'delete'),
(102, '2022-09-28 09:42:57', 'sdpid', 'delete'),
(103, '2022-09-30 15:00:13', 'service', 'delete'),
(104, '2022-09-30 15:00:13', 'service', 'delete'),
(105, '2022-09-30 15:00:13', 'service', 'delete'),
(106, '2022-09-30 16:11:30', 'service_gateway', 'update'),
(107, '2022-09-30 16:11:37', 'service_gateway', 'update'),
(108, '2022-09-30 16:11:43', 'service_gateway', 'update'),
(109, '2022-10-01 16:53:43', 'service_gateway', 'insert'),
(110, '2022-10-02 05:51:49', 'service_gateway', 'insert'),
(111, '2022-10-02 05:53:01', 'service_gateway', 'insert'),
(112, '2022-10-02 05:54:03', 'service_gateway', 'insert'),
(113, '2022-10-02 05:54:45', 'service_gateway', 'insert'),
(114, '2022-10-02 05:58:16', 'service_gateway', 'insert'),
(115, '2022-10-02 06:16:00', 'service_gateway', 'insert'),
(116, '2022-10-02 06:44:44', 'service_gateway', 'insert'),
(117, '2022-10-02 06:50:46', 'service_gateway', 'update'),
(118, '2022-10-02 06:50:54', 'service_gateway', 'update'),
(119, '2022-10-02 06:51:06', 'service_gateway', 'update'),
(120, '2022-10-02 07:10:56', 'service_gateway', 'insert'),
(121, '2022-10-02 07:11:28', 'service_gateway', 'insert'),
(122, '2022-10-02 07:12:58', 'service_gateway', 'insert'),
(123, '2022-10-02 07:16:17', 'service_gateway', 'insert'),
(124, '2022-10-02 07:36:46', 'service_gateway', 'insert'),
(125, '2022-10-02 07:37:38', 'service_gateway', 'insert'),
(126, '2022-10-02 07:38:12', 'service_gateway', 'delete'),
(127, '2022-10-02 07:40:56', 'service_gateway', 'delete'),
(128, '2022-10-02 07:42:07', 'service_gateway', 'delete'),
(129, '2022-10-02 07:42:25', 'service_gateway', 'delete'),
(130, '2022-10-02 07:42:29', 'service_gateway', 'delete'),
(131, '2022-10-02 07:42:32', 'service_gateway', 'delete'),
(132, '2022-10-02 07:56:52', 'service_gateway', 'insert'),
(133, '2022-10-02 07:57:06', 'service_gateway', 'update'),
(134, '2022-10-02 07:57:52', 'service_gateway', 'update'),
(135, '2022-10-02 09:48:49', 'service_gateway', 'update'),
(136, '2022-10-02 11:04:51', 'service_gateway', 'insert'),
(137, '2022-10-02 11:05:04', 'service_gateway', 'insert'),
(138, '2022-10-02 11:05:46', 'service_gateway', 'insert'),
(139, '2022-10-02 11:06:01', 'service_gateway', 'update'),
(140, '2022-10-02 11:09:14', 'service_gateway', 'insert'),
(141, '2022-10-02 12:58:14', 'sdpid_service', 'insert'),
(142, '2022-10-02 17:15:44', 'sdpid', 'update'),
(143, '2022-10-02 17:15:47', 'sdpid', 'update'),
(144, '2022-10-02 17:15:49', 'sdpid', 'update'),
(145, '2022-10-02 17:15:56', 'sdpid', 'update'),
(146, '2022-10-02 17:15:59', 'sdpid', 'update'),
(147, '2022-10-02 17:16:02', 'sdpid', 'update'),
(148, '2022-10-02 17:16:04', 'sdpid', 'update'),
(149, '2022-10-02 17:46:04', 'sdpid_service', 'insert'),
(150, '2022-10-02 17:46:24', 'sdpid_service', 'insert'),
(151, '2022-10-02 17:46:24', 'sdpid_service', 'insert'),
(152, '2022-10-02 18:42:15', 'sdpid_service', 'insert'),
(153, '2022-10-02 18:42:15', 'sdpid_service', 'insert'),
(154, '2022-10-02 18:42:15', 'sdpid_service', 'insert'),
(155, '2022-10-02 18:43:59', 'sdpid_service', 'insert'),
(156, '2022-10-02 18:43:59', 'sdpid_service', 'insert'),
(157, '2022-10-02 19:00:39', 'sdpid', 'update'),
(158, '2022-10-02 19:01:14', 'sdpid_service', 'update'),
(159, '2022-10-02 19:04:37', 'sdpid_service', 'delete'),
(160, '2022-10-02 19:04:37', 'sdpid_service', 'delete'),
(161, '2022-10-02 19:04:37', 'sdpid_service', 'delete'),
(162, '2022-10-02 19:04:37', 'sdpid_service', 'delete'),
(163, '2022-10-02 19:04:37', 'sdpid_service', 'delete'),
(164, '2022-10-02 19:04:37', 'sdpid_service', 'delete'),
(165, '2022-10-02 19:04:37', 'sdpid_service', 'delete'),
(166, '2022-10-02 19:04:37', 'sdpid_service', 'delete'),
(167, '2022-10-02 19:04:37', 'sdpid_service', 'delete'),
(168, '2022-10-02 19:04:37', 'sdpid_service', 'delete'),
(169, '2022-10-02 19:04:37', 'sdpid_service', 'delete'),
(170, '2022-10-02 19:04:37', 'sdpid_service', 'delete'),
(171, '2022-10-02 19:04:37', 'sdpid_service', 'delete'),
(172, '2022-10-02 19:04:37', 'sdpid_service', 'delete'),
(173, '2022-10-02 19:13:24', 'sdpid_service', 'insert'),
(174, '2022-10-02 19:30:27', 'sdpid_service', 'insert'),
(175, '2022-10-02 19:30:39', 'sdpid_service', 'insert'),
(176, '2022-10-02 19:40:48', 'sdpid_service', 'insert'),
(177, '2022-10-02 19:40:48', 'sdpid_service', 'insert'),
(178, '2022-10-02 19:41:45', 'sdpid_service', 'insert'),
(179, '2022-10-02 19:41:55', 'sdpid_service', 'insert'),
(180, '2022-10-02 19:41:55', 'sdpid_service', 'insert'),
(181, '2022-10-02 19:41:55', 'sdpid_service', 'insert'),
(182, '2022-10-02 19:42:58', 'sdpid_service', 'insert'),
(183, '2022-10-02 19:42:58', 'sdpid_service', 'insert'),
(184, '2022-10-02 20:23:44', 'sdpid_service', 'insert'),
(185, '2022-10-02 20:23:44', 'sdpid_service', 'insert'),
(186, '2022-10-02 20:23:59', 'sdpid_service', 'insert'),
(187, '2022-10-02 21:05:32', 'sdpid_service', 'insert'),
(188, '2022-10-02 21:07:28', 'sdpid_service', 'insert'),
(189, '2022-10-02 21:09:58', 'sdpid_service', 'insert'),
(190, '2022-10-02 21:24:00', 'sdpid_service', 'insert'),
(191, '2022-10-02 21:28:17', 'sdpid_service', 'insert'),
(192, '2022-10-02 21:28:53', 'sdpid_service', 'insert'),
(193, '2022-10-02 21:29:11', 'sdpid_service', 'insert'),
(194, '2022-10-02 21:46:18', 'sdpid_service', 'insert'),
(195, '2022-10-02 21:46:56', 'sdpid_service', 'insert'),
(196, '2022-10-02 21:46:56', 'sdpid_service', 'insert'),
(197, '2022-10-02 21:47:21', 'sdpid_service', 'insert'),
(198, '2022-10-02 21:47:36', 'sdpid_service', 'insert'),
(199, '2022-10-02 21:47:50', 'sdpid_service', 'insert'),
(200, '2022-10-02 21:48:11', 'sdpid_service', 'insert'),
(201, '2022-10-02 21:48:11', 'sdpid_service', 'insert'),
(202, '2022-10-02 21:49:37', 'sdpid_service', 'insert'),
(203, '2022-10-02 21:49:37', 'sdpid_service', 'insert'),
(204, '2022-10-02 21:50:49', 'sdpid_service', 'insert'),
(205, '2022-10-02 21:50:54', 'sdpid_service', 'insert'),
(206, '2022-10-02 21:51:25', 'sdpid_service', 'insert'),
(207, '2022-10-02 21:53:24', 'sdpid_service', 'insert'),
(208, '2022-10-02 21:55:03', 'sdpid_service', 'insert'),
(209, '2022-10-02 21:55:14', 'sdpid_service', 'insert'),
(210, '2022-10-02 21:55:20', 'sdpid_service', 'insert'),
(211, '2022-10-02 21:55:26', 'sdpid_service', 'insert'),
(212, '2022-10-02 21:57:09', 'sdpid_service', 'insert'),
(213, '2022-10-02 21:57:47', 'sdpid_service', 'insert'),
(214, '2022-10-02 21:58:24', 'sdpid_service', 'insert'),
(215, '2022-10-02 21:59:01', 'sdpid_service', 'insert'),
(216, '2022-10-02 21:59:01', 'sdpid_service', 'insert'),
(217, '2022-10-02 21:59:06', 'sdpid_service', 'insert'),
(218, '2022-10-02 22:36:25', 'sdpid_service', 'delete'),
(219, '2022-10-02 22:36:41', 'sdpid_service', 'delete'),
(220, '2022-10-02 22:37:36', 'sdpid_service', 'delete'),
(221, '2022-10-02 22:37:40', 'sdpid_service', 'delete'),
(222, '2022-10-02 22:39:37', 'sdpid_service', 'delete'),
(223, '2022-10-02 22:40:06', 'sdpid_service', 'delete'),
(224, '2022-10-02 23:39:49', 'sdpid_service', 'insert'),
(225, '2022-10-02 23:42:27', 'sdpid_service', 'insert'),
(226, '2022-10-02 23:43:15', 'sdpid_service', 'delete'),
(227, '2022-10-02 23:43:35', 'sdpid_service', 'insert'),
(228, '2022-10-02 23:44:16', 'sdpid_service', 'delete'),
(229, '2022-10-02 23:44:55', 'sdpid_service', 'delete'),
(230, '2022-10-02 23:45:36', 'sdpid_service', 'delete'),
(231, '2022-10-02 23:45:49', 'sdpid_service', 'insert'),
(232, '2022-10-02 23:46:14', 'sdpid_service', 'insert'),
(233, '2022-10-02 23:46:32', 'sdpid_service', 'delete'),
(234, '2022-10-02 23:47:23', 'sdpid_service', 'insert'),
(235, '2022-10-02 23:47:56', 'sdpid_service', 'delete'),
(236, '2022-10-02 23:48:28', 'sdpid_service', 'delete'),
(237, '2022-10-02 23:49:53', 'sdpid_service', 'delete'),
(238, '2022-10-02 23:52:53', 'sdpid_service', 'insert'),
(239, '2022-10-02 23:53:17', 'sdpid_service', 'insert'),
(240, '2022-10-02 23:53:23', 'sdpid_service', 'delete'),
(241, '2022-10-02 23:56:59', 'sdpid_service', 'delete'),
(242, '2022-10-02 23:57:11', 'sdpid_service', 'insert'),
(243, '2022-10-02 23:59:04', 'sdpid_service', 'delete'),
(244, '2022-10-02 23:59:12', 'sdpid_service', 'delete'),
(245, '2022-10-02 23:59:24', 'sdpid_service', 'delete'),
(246, '2022-10-02 23:59:33', 'sdpid_service', 'insert'),
(247, '2022-10-02 23:59:48', 'sdpid_service', 'insert'),
(248, '2022-10-02 23:59:57', 'sdpid_service', 'delete'),
(249, '2022-10-03 00:00:03', 'sdpid_service', 'delete'),
(250, '2022-10-03 09:43:25', 'sdpid_service', 'insert'),
(251, '2022-10-03 09:43:30', 'sdpid_service', 'delete'),
(252, '2022-10-03 09:44:16', 'sdpid_service', 'insert'),
(253, '2022-10-03 09:47:08', 'sdpid_service', 'insert'),
(254, '2022-10-03 09:47:16', 'sdpid_service', 'delete'),
(255, '2022-10-03 09:51:21', 'sdpid_service', 'delete'),
(256, '2022-10-03 09:51:53', 'sdpid_service', 'insert'),
(257, '2022-10-03 09:52:01', 'sdpid_service', 'delete'),
(258, '2022-10-03 09:57:19', 'sdpid_service', 'delete'),
(259, '2022-10-03 09:57:22', 'sdpid_service', 'delete'),
(260, '2022-10-03 09:57:26', 'sdpid_service', 'insert'),
(261, '2022-10-03 09:57:26', 'sdpid_service', 'insert'),
(262, '2022-10-03 10:02:07', 'sdpid_service', 'delete'),
(263, '2022-10-03 11:11:24', 'group_service', 'insert'),
(264, '2022-10-03 11:11:29', 'group_service', 'insert'),
(265, '2022-10-03 11:12:36', 'group_service', 'insert'),
(266, '2022-10-03 11:15:28', 'group_service', 'insert'),
(267, '2022-10-03 11:15:28', 'group_service', 'insert'),
(268, '2022-10-03 11:16:15', 'group_service', 'insert'),
(269, '2022-10-03 11:16:54', 'group_service', 'insert'),
(270, '2022-10-03 11:17:03', 'group_service', 'insert'),
(271, '2022-10-03 11:17:11', 'group_service', 'insert'),
(272, '2022-10-03 11:18:05', 'group_service', 'insert'),
(273, '2022-10-03 11:18:39', 'group_service', 'insert'),
(274, '2022-10-03 11:18:48', 'group_service', 'insert'),
(275, '2022-10-03 11:19:06', 'group_service', 'insert'),
(276, '2022-10-03 11:19:15', 'group_service', 'insert'),
(277, '2022-10-03 11:22:19', 'group_service', 'insert'),
(278, '2022-10-03 11:23:23', 'group_service', 'insert'),
(279, '2022-10-03 11:23:43', 'group_service', 'insert'),
(280, '2022-10-03 11:24:00', 'group_service', 'insert'),
(281, '2022-10-03 11:24:14', 'group_service', 'insert'),
(282, '2022-10-03 11:24:31', 'group_service', 'insert'),
(283, '2022-10-03 11:29:26', 'group_service', 'delete'),
(284, '2022-10-03 11:29:31', 'sdpid_service', 'delete'),
(285, '2022-10-03 11:55:30', 'sdpid_service', 'insert'),
(286, '2022-10-03 11:55:41', 'sdpid_service', 'delete'),
(287, '2022-10-03 11:58:31', 'group_service', 'insert'),
(288, '2022-10-03 12:05:47', 'sdpid_service', 'insert'),
(289, '2022-10-03 12:06:01', 'sdpid_service', 'delete'),
(290, '2022-10-03 22:26:19', 'group', 'delete'),
(291, '2022-10-04 09:55:05', 'user', 'delete'),
(292, '2022-10-04 10:40:23', 'service_gateway', 'delete'),
(293, '2022-10-04 10:40:26', 'service_gateway', 'delete'),
(294, '2022-10-04 10:40:31', 'service_gateway', 'delete'),
(295, '2022-10-04 10:40:35', 'service_gateway', 'delete'),
(296, '2022-10-04 10:40:38', 'service_gateway', 'delete'),
(297, '2022-10-04 10:44:47', 'service_gateway', 'update'),
(298, '2022-10-04 10:44:59', 'service_gateway', 'update'),
(299, '2022-10-04 10:46:28', 'service', 'delete'),
(300, '2022-10-04 10:46:30', 'service', 'delete'),
(301, '2022-10-04 10:46:35', 'service', 'delete'),
(302, '2022-10-04 10:46:38', 'service', 'delete'),
(303, '2022-10-04 10:46:41', 'service', 'delete'),
(304, '2022-10-04 10:46:43', 'service', 'delete'),
(305, '2022-10-04 10:46:46', 'service', 'delete'),
(306, '2022-10-06 14:08:02', 'user', 'delete'),
(307, '2022-10-06 14:08:09', 'user', 'delete'),
(308, '2022-10-06 14:08:14', 'user', 'delete'),
(309, '2022-10-06 14:08:24', 'user', 'delete'),
(310, '2022-10-06 14:08:54', 'user', 'delete'),
(311, '2022-10-06 14:08:54', 'user', 'delete'),
(312, '2022-10-06 14:08:54', 'user', 'delete'),
(313, '2022-10-06 14:08:54', 'user', 'delete'),
(314, '2022-10-06 14:08:54', 'user', 'delete'),
(315, '2022-10-06 14:13:08', 'user_group', 'update'),
(316, '2022-10-06 14:14:25', 'user_group', 'insert'),
(317, '2022-10-06 14:14:43', 'user_group', 'insert'),
(318, '2022-10-06 14:14:50', 'user_group', 'update'),
(319, '2022-10-06 14:23:48', 'sdpid', 'update'),
(320, '2022-10-06 14:24:02', 'sdpid', 'update'),
(321, '2022-10-06 14:24:13', 'sdpid', 'update'),
(322, '2022-10-06 14:25:40', 'sdpid', 'update'),
(323, '2022-10-06 14:26:18', 'sdpid', 'update'),
(324, '2022-10-06 14:26:21', 'sdpid', 'update'),
(325, '2022-10-06 14:26:40', 'sdpid', 'update'),
(326, '2022-10-06 14:26:42', 'sdpid', 'update'),
(327, '2022-10-06 14:27:35', 'sdpid', 'update'),
(328, '2022-10-07 05:51:52', 'user_group', 'update'),
(329, '2022-10-07 12:06:03', 'service', 'delete'),
(330, '2022-10-09 08:02:28', 'service', 'delete'),
(331, '2022-10-09 08:03:04', 'service', 'delete'),
(332, '2022-10-09 13:24:32', 'service_gateway', 'update'),
(333, '2022-10-09 13:24:35', 'service_gateway', 'update'),
(334, '2022-10-09 13:24:38', 'service_gateway', 'update'),
(335, '2022-10-09 16:06:17', 'service_gateway', 'update'),
(336, '2022-10-09 16:06:20', 'service_gateway', 'update'),
(337, '2022-10-14 19:30:01', 'service_gateway', 'delete'),
(338, '2022-10-14 19:30:01', 'service_gateway', 'delete'),
(339, '2022-10-14 19:30:01', 'service_gateway', 'delete'),
(340, '2022-10-14 19:30:01', 'service_gateway', 'delete'),
(341, '2022-10-14 19:30:01', 'service_gateway', 'delete'),
(342, '2022-10-14 19:30:01', 'service_gateway', 'delete'),
(343, '2022-10-14 19:30:08', 'service_gateway', 'delete'),
(344, '2022-10-14 19:30:50', 'sdpid_service', 'update'),
(345, '2022-10-14 19:31:00', 'sdpid_service', 'delete'),
(346, '2022-10-14 19:31:00', 'sdpid_service', 'delete'),
(347, '2022-10-14 19:31:00', 'sdpid_service', 'delete'),
(348, '2022-10-14 19:31:00', 'sdpid_service', 'delete'),
(349, '2022-10-14 19:31:00', 'sdpid_service', 'delete'),
(350, '2022-10-14 19:31:00', 'sdpid_service', 'delete'),
(351, '2022-10-14 19:31:00', 'sdpid_service', 'delete'),
(352, '2022-10-14 19:31:00', 'sdpid_service', 'delete'),
(353, '2022-10-14 19:31:00', 'sdpid_service', 'delete'),
(354, '2022-10-14 19:42:51', 'sdpid_service', 'update'),
(355, '2022-10-14 19:48:51', 'service_gateway', 'insert'),
(356, '2022-10-16 21:46:41', 'service', 'delete'),
(357, '2022-10-16 21:48:03', 'service_gateway', 'delete'),
(358, '2022-10-16 21:48:11', 'service_gateway', 'delete'),
(359, '2022-10-17 00:27:23', 'service', 'delete'),
(360, '2022-10-17 00:28:57', 'service_gateway', 'update'),
(361, '2022-10-17 10:50:14', 'service_gateway', 'insert'),
(362, '2022-10-19 23:35:27', 'sdpid', 'update'),
(363, '2022-10-19 23:35:54', 'sdpid', 'delete'),
(364, '2022-10-20 14:52:40', 'sdpid', 'update'),
(365, '2022-10-20 15:13:12', 'sdpid', 'delete'),
(366, '2022-10-20 15:13:12', 'sdpid', 'delete'),
(367, '2022-10-20 18:30:17', 'sdpid', 'update'),
(368, '2022-10-20 18:34:43', 'service_gateway', 'delete'),
(369, '2022-10-20 18:35:02', 'service_gateway', 'update'),
(370, '2022-10-20 18:35:45', 'service_gateway', 'insert'),
(371, '2022-10-20 18:39:19', 'service_gateway', 'insert'),
(372, '2022-10-20 18:40:10', 'service_gateway', 'insert'),
(373, '2022-10-20 18:40:40', 'sdpid_service', 'delete'),
(374, '2022-10-20 18:40:49', 'sdpid_service', 'insert'),
(375, '2022-10-20 18:40:49', 'sdpid_service', 'insert'),
(376, '2022-10-20 18:40:49', 'sdpid_service', 'insert'),
(377, '2022-10-20 18:40:49', 'sdpid_service', 'insert'),
(378, '2022-10-20 18:41:37', 'sdpid_service', 'insert'),
(379, '2022-10-20 18:41:37', 'sdpid_service', 'insert'),
(380, '2022-10-20 18:41:37', 'sdpid_service', 'insert'),
(381, '2022-10-20 18:41:38', 'sdpid_service', 'insert'),
(382, '2022-10-20 19:44:54', 'service_gateway', 'update'),
(383, '2022-10-20 19:45:11', 'service_gateway', 'update'),
(384, '2022-10-20 19:46:33', 'service_gateway', 'delete'),
(385, '2022-10-20 19:46:56', 'service_gateway', 'insert'),
(386, '2022-10-20 19:49:04', 'service_gateway', 'insert'),
(387, '2022-10-20 19:50:56', 'service_gateway', 'delete'),
(388, '2022-10-20 19:51:09', 'service_gateway', 'update'),
(389, '2022-10-20 19:51:17', 'service_gateway', 'update'),
(390, '2022-10-20 19:58:15', 'service_gateway', 'insert'),
(391, '2022-10-20 20:18:06', 'service_gateway', 'update'),
(392, '2022-10-20 20:18:10', 'service_gateway', 'delete'),
(393, '2022-10-20 20:18:19', 'service_gateway', 'update'),
(394, '2022-10-20 20:18:23', 'service_gateway', 'update'),
(395, '2022-10-20 23:23:30', 'service_gateway', 'insert'),
(396, '2022-10-20 23:35:32', 'sdpid', 'delete'),
(397, '2022-10-21 13:07:08', 'sdpid_service', 'insert'),
(398, '2022-10-21 16:08:41', 'sdpid_service', 'insert'),
(399, '2022-10-21 19:33:37', 'sdpid_service', 'insert'),
(400, '2022-10-21 19:35:57', 'sdpid_service', 'insert'),
(401, '2022-10-22 19:04:19', 'service_gateway', 'update'),
(402, '2022-10-22 19:04:38', 'service_gateway', 'update'),
(403, '2022-10-22 19:07:58', 'service_gateway', 'insert'),
(404, '2022-10-22 19:21:17', 'service_gateway', 'insert'),
(405, '2022-10-22 19:30:45', 'service_gateway', 'insert'),
(406, '2022-10-22 19:31:22', 'service_gateway', 'delete'),
(407, '2022-10-22 19:31:43', 'service_gateway', 'insert'),
(408, '2022-10-22 19:39:58', 'service_gateway', 'insert'),
(409, '2022-10-22 19:40:25', 'service_gateway', 'delete'),
(410, '2022-10-22 19:46:38', 'service_gateway', 'insert'),
(411, '2022-10-22 20:38:06', 'service_gateway', 'delete'),
(412, '2022-10-22 20:40:59', 'service_gateway', 'delete'),
(413, '2022-10-22 20:42:42', 'service_gateway', 'insert'),
(414, '2022-10-22 20:43:11', 'service_gateway', 'insert'),
(415, '2022-10-22 20:43:22', 'service_gateway', 'insert'),
(416, '2022-10-22 20:44:44', 'service_gateway', 'delete'),
(417, '2022-10-22 20:59:36', 'service_gateway', 'update'),
(418, '2022-10-22 20:59:57', 'service_gateway', 'update');

-- --------------------------------------------------------

--
-- Table structure for table `sdpid`
--

CREATE TABLE `sdpid` (
  `sdpid` int(11) NOT NULL,
  `valid` tinyint(1) NOT NULL DEFAULT 1,
  `type` enum('client','gateway','controller') COLLATE utf8_bin NOT NULL DEFAULT 'client',
  `country` varchar(128) COLLATE utf8_bin NOT NULL,
  `state` varchar(128) COLLATE utf8_bin NOT NULL,
  `locality` varchar(128) COLLATE utf8_bin NOT NULL,
  `org` varchar(128) COLLATE utf8_bin NOT NULL,
  `org_unit` varchar(128) COLLATE utf8_bin DEFAULT NULL,
  `alt_name` varchar(128) COLLATE utf8_bin DEFAULT NULL,
  `email` varchar(128) COLLATE utf8_bin DEFAULT NULL,
  `encrypt_key` varchar(2048) COLLATE utf8_bin DEFAULT NULL,
  `hmac_key` varchar(2048) COLLATE utf8_bin DEFAULT NULL,
  `serial` varchar(40) COLLATE utf8_bin NOT NULL,
  `last_cred_update` timestamp NOT NULL DEFAULT '0000-00-00 00:00:00',
  `cred_update_due` timestamp NOT NULL DEFAULT '0000-00-00 00:00:00',
  `user_id` int(11) DEFAULT NULL,
  `environment_id` int(11) DEFAULT NULL
) ENGINE=InnoDB DEFAULT CHARSET=utf8 COLLATE=utf8_bin;

--
-- Dumping data for table `sdpid`
--

INSERT INTO `sdpid` (`sdpid`, `valid`, `type`, `country`, `state`, `locality`, `org`, `org_unit`, `alt_name`, `email`, `encrypt_key`, `hmac_key`, `serial`, `last_cred_update`, `cred_update_due`, `user_id`, `environment_id`) VALUES
(55540, 1, 'controller', 'DE', 'Saxony', 'Chemnitz', 'TU Chemnitz', 'Informatik', NULL, NULL, '4sUdjYdMV9KfudWNad5umqSMIPFCjQNbi0uY/EoFoP3Q7bHWGW7odcCV/wvQ4ZJOPcImVst8hEafQyyLTre20oHYf1vKsoGFIIuiPSi5v1wrpUQ919jUiN3eqMBeIK3szyFpX8p/RIk3gHaf8lVPxjbwPBXd4FCmSHI5YVsCgYAzwPXzkakWPt0qLgFdOpm/A39Adxy1dT1F5q82+ZAhK0d+ZTajm85Scz2/zpCBHtt3ul4REqO/Bat6P78EmSSqnmlX6DePou8pGcqLfvIJ6gO2GZ19ONGCFENduU2TClndwGlm+ZAFk3TmUb4JXRG3MEfcEn05uWyXHOxMzYzHYA==', 'M0mYXbQ+wUyuDen8LRYsb4wKE4WQAnviRIORl8nUXoemfKTQWuT4I7WvDYMIYQ5ckKGkT4CwkkHMIjXYIQJBAMAwndSqWbuXBbsdcNUk4j2jCzcHM1SFIIIQ+BXP0GvSVMhpM8RlIUX27978JC3Lp6xonJKMWD7OQvUrji535Jc=', '', '2022-10-20 15:32:29', '2022-11-19 23:00:00', 1, NULL),
(55550, 1, 'gateway', 'DE', 'Saxony', 'Chemnitz', 'Fraunhofer Society', 'IWU', NULL, NULL, 'j+7OeB3LV4YCokXJDCFjNJJ0ountwF0mqBNX6t98/JcElYywRtYJgX5OiXZKqoz7G5st409RlNQTC+CeqIB3oAYrjx+W1vLLJpfQDihit48oNsiQzSXvqhuAnclUa0V2BrHhy+7yRDH4pAG1SLbg34Jp6X11Q059sJj8sQKBgQDiZ2hY1/pX/vmHg2vHMbScmKZWUxyzw7mpRBfPBWr+FSdJtU+Lrii3dEgxyd6grhUpItF4hPc4eW6AaynUq5FRpRsGRjDE1khmhwldh7yl0DOJhc//LWCj+2QV538RhrO9pkff6WGi94M8iRIaRGItG/o8kzXSAt2ABfJkplZPEQ==', '+TaD3L5Px8PmXd/rqs2Qn7+/uvJtIL8mX2WgXt83Lp/lgMA3jF63Q/DxTwpfWedNz4SGUwLIJgN1QKC5EQJBAJ7zyC1nBFqpiBR+YQ6J/f9XmFgVMY4TvEeyue8A1Nbq5t/R2gTOP5wOYzxNqxznHCT2D5pXCdZpmTkj7IsLTOk=', '', '2022-10-22 19:46:29', '2022-11-21 23:00:00', 1, NULL),
(55560, 1, 'client', 'GR', 'Macedonia', 'Thessaloniki', 'Athenian Brewery', NULL, NULL, NULL, 'hgRkFxMNnn+vULUM2BoF2OTaA/HvATiH3BAcIO64XEV0aUmQdP3tad8sVYEdbUhrWhmbwLxEAW6ddjiUgVfHCZ4XCboCvOvu7/5gx9jw+a40tIhIvSyzJbBpi+1ynAPq1hREDFn3aRcqlsG2LP0DidsRpsO0IYUsHhZ4e7ECgYAsP3cQSoMlPvKUz5CHNcU5tqK88To3qLjAIUh51IQ5BsYJq3Q82DsL3r3yDlRGZMfv1vuwl3EvFYn3YpxFuvQ4vhUMuCLXUO3rAgz6DWQofDp56RGebKMmV404RxpcxUCgK6Fhun5pH9zBYiUPdxjvclieemZsu16j04vXVxVonQ==', '8HmXBIbPCbdDo6ONVU3lTt3aA9G9w0PFiyCypa/NGdFH6Puem27kkrabaPx86wYBaXbs+UVwe13/ay/D2QJBAJbJXR3ekXmB9I3hLuKtb/ipYluoJwniccYv8OvYyuU3ZHSBoYuC1xtPOwEJZP0fJIvxT/ggOerqM0VGBkScFU8=', '', '2022-10-22 12:15:03', '2022-11-21 23:00:00', 1, NULL),
(55561, 1, 'client', 'RO', 'Dmbovia', 'Ulmi', 'Arelik A..', NULL, NULL, NULL, '9yFxpdOYJjPoSF8b87ILkTlln0iIfXjUTVe8G/rp4QdyMyISJxs4PdYKx5KsduG0nFPXSLWBnLv38zftaGjafirGyn4EX7SAdklgdgBiCtcmvWJrWBXtZOWu5tHzi5/fKoUQGjtmWIYY2npdKtqyTk+BnF1bGW03E7BCdVkCgYACxp9NfRyoorXG49Ql7b5EGVIKy/+0o5Biorp//mtHYKQ89bWTSlv+Fc4rqISks6wnuBuUz9uVyOPvanB74QsjqyJrMb9x6a6ZlsjThTMh9MfrMicJDrSLBBHUxTLF/JuMKnGXqH6dttX61gYcInU4HM+pcxZCd1V8cVJLZQzJVQ==', 'RaWohYI+9R6AN9tULmLLk0nCfnAJJotxk+kT6DoM9HB/WIgDz8d7qTgaPCWz/4tSypg5pyhaXjpMB51cNwJBAIqgmSAUq4Ft2KN5BkBy7/cxndHCVA9XDaCpN7bRC2slJe1DPjnPli//r/Px/w39LLJVWWkPpqO0DAu1tjGuBzs=', '', '2022-10-22 12:15:03', '2022-11-21 23:00:00', 1, NULL),
(55562, 1, 'client', 'ES', 'Palencia', 'Aguilar de Campoo', 'Galletas Gulln', NULL, NULL, NULL, 'uSK3Kt1PWgceQTXncGxGre4MoLvcB2cwAHxzwBRHvzTU1sLyU5au59pmCv5tOJSAqFXoZxtl9+Khyx/LW/uECI6q77cD3yDZWM0oUYqgK6Z+gixyXdTIH1x14YJzC3CxTvlEcsvhKOfHnDuA0uVmm1rVgOuk67UrwvNB1eECgYBA7+IN72zK8GKt8uC+e5A1yb8qjJp/R1kKSBnt7rvv8is2keWBNTayDuhUWyjRKIe0oDAbXXBiwvDDzHp616Gh+829ZvikgpprtGhqzJE3HBxN0VVYILMwKCC+rcmYLCSE68Ira+13L0+NjSY+l7a6EY7Go84XBQHFIaM8PHKdWw==', '3GUpax9PSgS9KHKheuvH3RzJoeTjaOjB5KYcvOxgM/fL5Ezhpq2lqGajZBYj7v0bIHwvLi+lHKEP8tLyEQJBAJH90TSwJQWhrhYkahghvbsKiP1m4y2kWnF+Ju1OAlHWLwCXovjpyb7OXRhznZMhW1GtJXic/taeXfZWor6eed0=', '', '2022-10-22 12:15:03', '2022-11-21 23:00:00', 1, NULL),
(55563, 1, 'client', 'TR', 'Bursa', 'Bursa', 'Tofa', NULL, NULL, NULL, 'dHX7GlvxiEonXYcICHazDFNLc2Isro8zbHZS+08VDUurOPNcdcHawlKiRAcHvPwCzOK/p315aGc2BSUN6u1GsicEO36QCfvfSh8Jt5s7nBoAqTgdEbd6oLRfVLX5u8v8q19dp7otT/Mqs6Mi8Y7mMzB5q+KlF+o2O0DIqMECgYAOk8FfaDD+wThZG13LDg5I2H7XuE0/sY0ETyjWa6S+b/L4HmrgjjCW1+QDPm3cc7eoOCHGp5sX2hOjsvMObF4zgFtPDzGnU/onuYWtHqPDXIfMiy0eGPixiZkp6Sc8gY1jrAp6j6dJcu1eheqAHxznMlfxHkzDubUFH+5cAjL/pA==', 'EyooVmhd+R/eJsL+9yr6+LkELZyjME7oyIpWkxkil9Q0nbN+3/+2Dh9ayptHNSxl/5qAQsJb6IDSYLvKqQJBAL4VbWqlLXRTVRd9TnG7IJG9GFHkYVb3+/btU8yelZPAyoJbMvT+g1Weimeur0nXQ/XqaIsh745xji5ADMCcw7Y=', '', '2022-10-22 12:15:03', '2022-11-21 23:00:00', 1, NULL),
(55564, 1, 'client', 'EU', 'Germany', 'Chemnitz', 'ECOFACT', NULL, NULL, NULL, 'Q+BG4yhCa+C66PR6LuMTv6wC3dx5sno9macPjFTUrHatnF67IBT0D1Tr7xQauEMubTGMt+3YJNmDJbaJVwMMptIwlR+65MuOgUWRpzmWsEP/8LjtTB2Bivb4sleiWTzWVZznPzCxGmqe+OCsF6l50AYZZHE1Kop7+6V0yIMCgYBFO9eW/Lphx6ED1vdjO9CPhn1n2W4hA+gKEo07L8Kv0zS4yxEFrOxdRlg7I/HelO473zMHV+D+VD5Cu2G3bP68kFj4xXZXDnLDMmzYM9Fd2IqSJv0M7eOV3nGJSqt67w8fpUpflZYKTgBxXGaXF04u/7GOLaVOJK3G3YDDUU/2VA==', '1hE/42yZ5NNJ9qB8fl6C4UKKz+ycCm7LGPXORF7oCsoMHZK5Mgwq/scLJ8Gt9qVL+inQxB2T9oSTlaUHmEECQFiMDXIVvAUhyHmkG44wspfwYLkNb9q5sC78gjRioXozLfH1GkwjeH01EcIwSqoUfm8v+x4T4URka85iimO4bHs=', '', '2022-10-22 16:54:26', '2022-11-21 23:00:00', 1, NULL),
(55565, 1, 'client', 'EU', 'Germany', 'Dresden', 'ECOFACT', NULL, NULL, NULL, 'eY21zOZx4PdmKHNHRAOwGkotzz4Pxw03k/IIqfywP6QtaUR7Q6gouzmOjdqVDcCaCxLStN9xNgqKXTnk755IpHD5MsICOf7qMLUNEOpG2xxQcTCZW97qZmzrj3md7zjxeK6vJR/om44WT7baNJHDVf+gh5/TgcfvMGwznQKBgQC7gBvlKUGLInVtH0OtsBzfxKCrwce2cTZv2RBdvkO0eGEOugSWLC1cn2RSsOQBghWIHK/I2m5tp/Ium3UfZfKUNGuAchFpDtOie5ckPvFGz9sfZ659kqurSIBa+IPHvOFuQkoNSGuHT5SGfsDmH5fp3s6GVteRv9xrVDuI7MVLQA==', '5OLp7Iqahdjttspd5KJ2UcUOlYwIGmECl6sPI3Dy+wVRyJ9NeH6Ww/9vf5fobIgOxl42MfK/oEMRbCIsgQJBAL9gi7NkOtQHrbLjH9sjVoOBFoowCegCXCcgExX2NlE3RA8dSCsM2TmTH9jKl7BsYKBIGVZavHnJoH38fxJC+TE=', '', '2022-10-22 12:26:24', '2022-11-21 23:00:00', 1, NULL);

--
-- Triggers `sdpid`
--
DELIMITER $$
CREATE TRIGGER `sdpid_after_delete` AFTER DELETE ON `sdpid` FOR EACH ROW BEGIN
    INSERT INTO refresh_trigger
    SET table_name = 'sdpid',
        event = 'delete';
END
$$
DELIMITER ;
DELIMITER $$
CREATE TRIGGER `sdpid_after_update` AFTER UPDATE ON `sdpid` FOR EACH ROW BEGIN
IF OLD.user_id != NEW.user_id OR
   OLD.valid != NEW.valid THEN
    INSERT INTO refresh_trigger
    SET table_name = 'sdpid',
        event = 'update';
END IF;
END
$$
DELIMITER ;

-- --------------------------------------------------------

--
-- Table structure for table `sdpid_mqtttopic`
--

CREATE TABLE `sdpid_mqtttopic` (
  `id` int(11) NOT NULL,
  `sdpid` int(11) NOT NULL,
  `topic_id` int(11) NOT NULL
) ENGINE=InnoDB DEFAULT CHARSET=utf8mb4;

--
-- Triggers `sdpid_mqtttopic`
--
DELIMITER $$
CREATE TRIGGER `sdpid_mqtttopic_after_delete` AFTER DELETE ON `sdpid_mqtttopic` FOR EACH ROW BEGIN
    INSERT INTO refresh_trigger
    SET table_name = 'service_gateway',
        event = 'delete';
END
$$
DELIMITER ;
DELIMITER $$
CREATE TRIGGER `sdpid_mqtttopic_after_insert` AFTER INSERT ON `sdpid_mqtttopic` FOR EACH ROW BEGIN
    INSERT INTO refresh_trigger
    SET table_name = 'service_gateway',
        event = 'insert';
END
$$
DELIMITER ;
DELIMITER $$
CREATE TRIGGER `sdpid_mqtttopic_after_update` AFTER UPDATE ON `sdpid_mqtttopic` FOR EACH ROW BEGIN
    INSERT INTO refresh_trigger
    SET table_name = 'service_gateway',
        event = 'update';
END
$$
DELIMITER ;

-- --------------------------------------------------------

--
-- Table structure for table `sdpid_service`
--

CREATE TABLE `sdpid_service` (
  `id` int(11) NOT NULL,
  `sdpid` int(11) NOT NULL,
  `service_id` int(11) NOT NULL
) ENGINE=InnoDB DEFAULT CHARSET=utf8 COLLATE=utf8_bin;

--
-- Dumping data for table `sdpid_service`
--

INSERT INTO `sdpid_service` (`id`, `sdpid`, `service_id`) VALUES
(89, 55560, 2),
(90, 55561, 2),
(91, 55562, 2),
(92, 55563, 2),
(93, 55560, 1),
(94, 55561, 1),
(95, 55562, 1),
(96, 55563, 1),
(97, 55565, 3),
(98, 55565, 1),
(99, 55564, 2),
(100, 55564, 1);

--
-- Triggers `sdpid_service`
--
DELIMITER $$
CREATE TRIGGER `sdpid_service_after_delete` AFTER DELETE ON `sdpid_service` FOR EACH ROW BEGIN
    INSERT INTO refresh_trigger
    SET table_name = 'sdpid_service',
        event = 'delete';
END
$$
DELIMITER ;
DELIMITER $$
CREATE TRIGGER `sdpid_service_after_insert` AFTER INSERT ON `sdpid_service` FOR EACH ROW BEGIN
    INSERT INTO refresh_trigger
    SET table_name = 'sdpid_service',
        event = 'insert';
END
$$
DELIMITER ;
DELIMITER $$
CREATE TRIGGER `sdpid_service_after_update` AFTER UPDATE ON `sdpid_service` FOR EACH ROW BEGIN
    INSERT INTO refresh_trigger
    SET table_name = 'sdpid_service',
        event = 'update';
END
$$
DELIMITER ;

-- --------------------------------------------------------

--
-- Table structure for table `service`
--

CREATE TABLE `service` (
  `id` int(11) NOT NULL,
  `name` varchar(1024) COLLATE utf8_bin NOT NULL,
  `description` varchar(4096) COLLATE utf8_bin NOT NULL
) ENGINE=InnoDB DEFAULT CHARSET=utf8 COLLATE=utf8_bin;

--
-- Dumping data for table `service`
--

INSERT INTO `service` (`id`, `name`, `description`) VALUES
(1, 'SDP Controller Service', 'SDP Controller Service running at port 5000'),
(2, 'Mosquitto MQTT Broker', 'Eclipse Mosquitto MQTT Broker running at port 1883 and 8883'),
(3, 'Apache Server', 'Apache Server running at port 80 and 443');

--
-- Triggers `service`
--
DELIMITER $$
CREATE TRIGGER `service_after_delete` AFTER DELETE ON `service` FOR EACH ROW BEGIN
    INSERT INTO refresh_trigger
    SET table_name = 'service',
        event = 'delete';
END
$$
DELIMITER ;

-- --------------------------------------------------------

--
-- Table structure for table `service_gateway`
--

CREATE TABLE `service_gateway` (
  `id` int(11) NOT NULL,
  `service_id` int(11) NOT NULL,
  `gateway_sdpid` int(11) NOT NULL,
  `protocol` tinytext COLLATE utf8_bin NOT NULL COMMENT 'TCP, UDP',
  `port` int(10) UNSIGNED NOT NULL,
  `nat_ip` varchar(128) COLLATE utf8_bin NOT NULL DEFAULT '' COMMENT '1.1.1.1   internal IP address',
  `nat_port` int(10) UNSIGNED NOT NULL DEFAULT 0
) ENGINE=InnoDB DEFAULT CHARSET=utf8 COLLATE=utf8_bin;

--
-- Dumping data for table `service_gateway`
--

INSERT INTO `service_gateway` (`id`, `service_id`, `gateway_sdpid`, `protocol`, `port`, `nat_ip`, `nat_port`) VALUES
(31, 3, 55550, 'TCP', 80, '172.16.31.121', 80),
(33, 1, 55550, 'TCP', 5000, '', 0),
(34, 2, 55550, 'TCP', 1883, '172.16.31.122', 1883),
(36, 2, 55550, 'TCP', 8883, '172.16.31.122', 8883),
(37, 3, 55550, 'TCP', 443, '172.16.31.121', 443);

--
-- Triggers `service_gateway`
--
DELIMITER $$
CREATE TRIGGER `service_gateway_after_delete` AFTER DELETE ON `service_gateway` FOR EACH ROW BEGIN
    INSERT INTO refresh_trigger
    SET table_name = 'service_gateway',
        event = 'delete';
END
$$
DELIMITER ;
DELIMITER $$
CREATE TRIGGER `service_gateway_after_insert` AFTER INSERT ON `service_gateway` FOR EACH ROW BEGIN
    INSERT INTO refresh_trigger
    SET table_name = 'service_gateway',
        event = 'insert';
END
$$
DELIMITER ;
DELIMITER $$
CREATE TRIGGER `service_gateway_after_update` AFTER UPDATE ON `service_gateway` FOR EACH ROW BEGIN
    INSERT INTO refresh_trigger
    SET table_name = 'service_gateway',
        event = 'update';
END
$$
DELIMITER ;

-- --------------------------------------------------------

--
-- Table structure for table `service_httpurl`
--

CREATE TABLE `service_httpurl` (
  `id` int(11) NOT NULL,
  `url_id` int(11) NOT NULL,
  `service_id` int(11) NOT NULL
) ENGINE=InnoDB DEFAULT CHARSET=utf8mb4;

--
-- Dumping data for table `service_httpurl`
--

INSERT INTO `service_httpurl` (`id`, `url_id`, `service_id`) VALUES
(1, 1, 3),
(2, 2, 3),
(3, 3, 3);

--
-- Triggers `service_httpurl`
--
DELIMITER $$
CREATE TRIGGER `service_httpurl_after_delete` AFTER DELETE ON `service_httpurl` FOR EACH ROW BEGIN
    INSERT INTO refresh_trigger
    SET table_name = 'service_gateway',
        event = 'delete';
END
$$
DELIMITER ;
DELIMITER $$
CREATE TRIGGER `service_httpurl_after_insert` AFTER INSERT ON `service_httpurl` FOR EACH ROW BEGIN
    INSERT INTO refresh_trigger
    SET table_name = 'service_gateway',
        event = 'insert';
END
$$
DELIMITER ;
DELIMITER $$
CREATE TRIGGER `service_httpurl_after_update` AFTER UPDATE ON `service_httpurl` FOR EACH ROW BEGIN
    INSERT INTO refresh_trigger
    SET table_name = 'service_gateway',
        event = 'update';
END
$$
DELIMITER ;

-- --------------------------------------------------------

--
-- Table structure for table `user`
--

CREATE TABLE `user` (
  `id` int(11) NOT NULL,
  `last_name` varchar(128) COLLATE utf8_bin NOT NULL,
  `first_name` varchar(128) COLLATE utf8_bin NOT NULL,
  `country` varchar(128) COLLATE utf8_bin DEFAULT NULL,
  `state` varchar(128) COLLATE utf8_bin DEFAULT NULL,
  `locality` varchar(128) COLLATE utf8_bin DEFAULT NULL,
  `org` varchar(128) COLLATE utf8_bin DEFAULT NULL,
  `org_unit` varchar(128) COLLATE utf8_bin DEFAULT NULL,
  `alt_name` varchar(128) COLLATE utf8_bin DEFAULT NULL,
  `email` varchar(128) COLLATE utf8_bin NOT NULL
) ENGINE=InnoDB DEFAULT CHARSET=utf8 COLLATE=utf8_bin;

--
-- Dumping data for table `user`
--

INSERT INTO `user` (`id`, `last_name`, `first_name`, `country`, `state`, `locality`, `org`, `org_unit`, `alt_name`, `email`) VALUES
(1, 'Admin', 'Dev', 'DE', 'Saxony', 'Chemnitz', 'TU Chemnitz', 'ADMIN', NULL, ''),
(2, 'Gaedke', 'Martin', 'DE', 'Saxony', 'Chemnitz', 'TU Chemnitz', 'VSR', NULL, ''),
(3, 'Valentin', 'Siegert', 'DE', 'Saxony', 'Chemnitz', 'TU Chemnitz', 'VSR', NULL, ''),
(4, 'Se', 'Marian', 'DE', 'Saxony', 'Chemnitz', 'Fraunhofer', 'IWU', NULL, ''),
(5, 'Singer', 'Adrian', 'DE', 'Saxony', 'Chemnitz', 'Fraunhofer', 'IWU', NULL, ''),
(6, 'Sankal', 'Talib', 'DE', 'Nordrhein-Westfalen', 'Aachen', 'Fraunhofer', 'IPT', NULL, ''),
(7, 'Drechsler', 'Chris', 'DE', 'Saxony', 'Chemnitz', 'Fraunhofer', 'IWU', NULL, ''),
(8, 'Schwarting', 'Tom', 'DE', 'Saxony', 'Chemnitz', 'Fraunhofer', 'IWU', NULL, '');

--
-- Triggers `user`
--
DELIMITER $$
CREATE TRIGGER `user_after_delete` AFTER DELETE ON `user` FOR EACH ROW BEGIN
    INSERT INTO refresh_trigger
    SET table_name = 'user',
        event = 'delete';
END
$$
DELIMITER ;

-- --------------------------------------------------------

--
-- Table structure for table `user_credential`
--

CREATE TABLE `user_credential` (
  `id` int(11) NOT NULL,
  `username` varchar(64) NOT NULL,
  `password` char(128) NOT NULL,
  `mqtt_password` char(128) DEFAULT NULL
) ENGINE=InnoDB DEFAULT CHARSET=utf8mb4;

--
-- Dumping data for table `user_credential`
--

INSERT INTO `user_credential` (`id`, `username`, `password`, `mqtt_password`) VALUES
(1, 'devadmin', '684a5f936b784fe17af79f0054d0dd72b4b6818bee24ac46f3c720c53fa4349525dda61f9cb5287ae7fca4ae4e7f545a68b49748ce8e2fe4e0172a57f27bf4c6', '$7$101$46rpO17nyocZZbGV$wS6HAvIDVJVVMj52l8BL8o6p8AQskyLcOnHFIN/FNJDwCrOJR38XN3jIdWEIdz8H64+9INsxBz90LIhEoQovVA=='),
(4, 'marian', '684a5f936b784fe17af79f0054d0dd72b4b6818bee24ac46f3c720c53fa4349525dda61f9cb5287ae7fca4ae4e7f545a68b49748ce8e2fe4e0172a57f27bf4c6', '$7$101$46rpO17nyocZZbGV$wS6HAvIDVJVVMj52l8BL8o6p8AQskyLcOnHFIN/FNJDwCrOJR38XN3jIdWEIdz8H64+9INsxBz90LIhEoQovVA=='),
(2, 'martin', '684a5f936b784fe17af79f0054d0dd72b4b6818bee24ac46f3c720c53fa4349525dda61f9cb5287ae7fca4ae4e7f545a68b49748ce8e2fe4e0172a57f27bf4c6', '$7$101$46rpO17nyocZZbGV$wS6HAvIDVJVVMj52l8BL8o6p8AQskyLcOnHFIN/FNJDwCrOJR38XN3jIdWEIdz8H64+9INsxBz90LIhEoQovVA=='),
(3, 'valentin', '684a5f936b784fe17af79f0054d0dd72b4b6818bee24ac46f3c720c53fa4349525dda61f9cb5287ae7fca4ae4e7f545a68b49748ce8e2fe4e0172a57f27bf4c6', '$7$101$46rpO17nyocZZbGV$wS6HAvIDVJVVMj52l8BL8o6p8AQskyLcOnHFIN/FNJDwCrOJR38XN3jIdWEIdz8H64+9INsxBz90LIhEoQovVA==');

-- --------------------------------------------------------

--
-- Table structure for table `user_group`
--

CREATE TABLE `user_group` (
  `id` int(11) NOT NULL,
  `user_id` int(11) NOT NULL,
  `group_id` int(11) NOT NULL
) ENGINE=InnoDB DEFAULT CHARSET=utf8 COLLATE=utf8_bin;

--
-- Dumping data for table `user_group`
--

INSERT INTO `user_group` (`id`, `user_id`, `group_id`) VALUES
(1, 1, 1),
(2, 2, 2),
(3, 3, 2);

--
-- Triggers `user_group`
--
DELIMITER $$
CREATE TRIGGER `user_group_after_delete` AFTER DELETE ON `user_group` FOR EACH ROW BEGIN
    INSERT INTO refresh_trigger
    SET table_name = 'user_group',
        event = 'delete';
END
$$
DELIMITER ;
DELIMITER $$
CREATE TRIGGER `user_group_after_insert` AFTER INSERT ON `user_group` FOR EACH ROW BEGIN
    INSERT INTO refresh_trigger
    SET table_name = 'user_group',
        event = 'insert';
END
$$
DELIMITER ;
DELIMITER $$
CREATE TRIGGER `user_group_after_update` AFTER UPDATE ON `user_group` FOR EACH ROW BEGIN
    INSERT INTO refresh_trigger
    SET table_name = 'user_group',
        event = 'update';
END
$$
DELIMITER ;

-- --------------------------------------------------------

--
-- Table structure for table `user_mqtttopic`
--

CREATE TABLE `user_mqtttopic` (
  `id` int(11) NOT NULL,
  `user_id` int(11) NOT NULL,
  `topic_id` int(11) NOT NULL,
  `access` enum('read','write','readwrite','deny') NOT NULL DEFAULT 'deny'
) ENGINE=InnoDB DEFAULT CHARSET=utf8mb4;

--
-- Dumping data for table `user_mqtttopic`
--

INSERT INTO `user_mqtttopic` (`id`, `user_id`, `topic_id`, `access`) VALUES
(12, 2, 1, 'deny'),
(14, 6, 1, 'write'),
(15, 5, 1, 'read'),
(19, 8, 1, 'read'),
(20, 7, 1, 'read');

--
-- Triggers `user_mqtttopic`
--
DELIMITER $$
CREATE TRIGGER `user_mqtt_after_delete` AFTER DELETE ON `user_mqtttopic` FOR EACH ROW BEGIN
    INSERT INTO refresh_trigger
    SET table_name = 'service_gateway',
        event = 'delete';
END
$$
DELIMITER ;
DELIMITER $$
CREATE TRIGGER `user_mqtt_after_insert` AFTER INSERT ON `user_mqtttopic` FOR EACH ROW BEGIN
    INSERT INTO refresh_trigger
    SET table_name = 'service_gateway',
        event = 'insert';
END
$$
DELIMITER ;
DELIMITER $$
CREATE TRIGGER `user_mqtt_after_update` AFTER UPDATE ON `user_mqtttopic` FOR EACH ROW BEGIN
    INSERT INTO refresh_trigger
    SET table_name = 'service_gateway',
        event = 'update';
END
$$
DELIMITER ;

--
-- Indexes for dumped tables
--

--
-- Indexes for table `closed_connection`
--
ALTER TABLE `closed_connection`
  ADD PRIMARY KEY (`gateway_sdpid`,`client_sdpid`,`start_timestamp`,`source_port`),
  ADD KEY `gateway_sdpid` (`gateway_sdpid`),
  ADD KEY `client_sdpid` (`client_sdpid`);

--
-- Indexes for table `controller`
--
ALTER TABLE `controller`
  ADD PRIMARY KEY (`sdpid`),
  ADD KEY `service_id` (`service_id`),
  ADD KEY `gateway_sdpid` (`gateway_sdpid`);

--
-- Indexes for table `environment`
--
ALTER TABLE `environment`
  ADD PRIMARY KEY (`id`);

--
-- Indexes for table `gateway`
--
ALTER TABLE `gateway`
  ADD PRIMARY KEY (`sdpid`);

--
-- Indexes for table `gateway_controller`
--
ALTER TABLE `gateway_controller`
  ADD PRIMARY KEY (`id`),
  ADD KEY `gateway_sdpid` (`gateway_sdpid`),
  ADD KEY `controller_sdpid` (`controller_sdpid`);

--
-- Indexes for table `group`
--
ALTER TABLE `group`
  ADD PRIMARY KEY (`id`);

--
-- Indexes for table `group_mqtttopic`
--
ALTER TABLE `group_mqtttopic`
  ADD PRIMARY KEY (`id`),
  ADD KEY `group_mqtttopic_ibfk_1` (`group_id`),
  ADD KEY `group_mqtttopic_ibfk_2` (`topic_id`);

--
-- Indexes for table `group_service`
--
ALTER TABLE `group_service`
  ADD PRIMARY KEY (`id`),
  ADD KEY `service_id` (`service_id`),
  ADD KEY `group_id` (`group_id`);

--
-- Indexes for table `httpurl`
--
ALTER TABLE `httpurl`
  ADD PRIMARY KEY (`id`);

--
-- Indexes for table `mqtttopic`
--
ALTER TABLE `mqtttopic`
  ADD PRIMARY KEY (`id`),
  ADD KEY `mqtttopic_ibfk_1` (`service_id`);

--
-- Indexes for table `open_connection`
--
ALTER TABLE `open_connection`
  ADD PRIMARY KEY (`gateway_controller_connection_id`,`client_sdpid`,`start_timestamp`,`source_port`),
  ADD KEY `gateway_sdpid` (`gateway_sdpid`),
  ADD KEY `client_sdpid` (`client_sdpid`),
  ADD KEY `service_id` (`service_id`);

--
-- Indexes for table `refresh_trigger`
--
ALTER TABLE `refresh_trigger`
  ADD PRIMARY KEY (`id`);

--
-- Indexes for table `sdpid`
--
ALTER TABLE `sdpid`
  ADD PRIMARY KEY (`sdpid`),
  ADD KEY `user_id` (`user_id`),
  ADD KEY `environment_id` (`environment_id`);

--
-- Indexes for table `sdpid_mqtttopic`
--
ALTER TABLE `sdpid_mqtttopic`
  ADD PRIMARY KEY (`id`),
  ADD KEY `sdpid_mqtttopic_ibfk_1` (`sdpid`),
  ADD KEY `sdpid_mqtttopic_ibfk_2` (`topic_id`);

--
-- Indexes for table `sdpid_service`
--
ALTER TABLE `sdpid_service`
  ADD PRIMARY KEY (`id`),
  ADD KEY `service_id` (`service_id`),
  ADD KEY `sdpid` (`sdpid`);

--
-- Indexes for table `service`
--
ALTER TABLE `service`
  ADD PRIMARY KEY (`id`);

--
-- Indexes for table `service_gateway`
--
ALTER TABLE `service_gateway`
  ADD PRIMARY KEY (`id`),
  ADD KEY `service_id` (`service_id`),
  ADD KEY `gateway_sdpid` (`gateway_sdpid`);

--
-- Indexes for table `service_httpurl`
--
ALTER TABLE `service_httpurl`
  ADD PRIMARY KEY (`id`),
  ADD KEY `service_httpurl_ibfk_1` (`service_id`),
  ADD KEY `service_httpurl_ibfk_2` (`url_id`);

--
-- Indexes for table `user`
--
ALTER TABLE `user`
  ADD PRIMARY KEY (`id`);

--
-- Indexes for table `user_credential`
--
ALTER TABLE `user_credential`
  ADD UNIQUE KEY `user_credential_ix_unique_username` (`username`),
  ADD KEY `user_credential_ibfk_1` (`id`);

--
-- Indexes for table `user_group`
--
ALTER TABLE `user_group`
  ADD PRIMARY KEY (`id`),
  ADD KEY `user_id` (`user_id`),
  ADD KEY `group_id` (`group_id`);

--
-- Indexes for table `user_mqtttopic`
--
ALTER TABLE `user_mqtttopic`
  ADD PRIMARY KEY (`id`),
  ADD KEY `user_mqtttopic_ibfk_1` (`user_id`),
  ADD KEY `user_mqtttopic_ibfk_2` (`topic_id`);

--
-- AUTO_INCREMENT for dumped tables
--

--
-- AUTO_INCREMENT for table `environment`
--
ALTER TABLE `environment`
  MODIFY `id` int(11) NOT NULL AUTO_INCREMENT;

--
-- AUTO_INCREMENT for table `gateway_controller`
--
ALTER TABLE `gateway_controller`
  MODIFY `id` int(11) NOT NULL AUTO_INCREMENT, AUTO_INCREMENT=3;

--
-- AUTO_INCREMENT for table `group`
--
ALTER TABLE `group`
  MODIFY `id` int(11) NOT NULL AUTO_INCREMENT, AUTO_INCREMENT=11;

--
-- AUTO_INCREMENT for table `group_mqtttopic`
--
ALTER TABLE `group_mqtttopic`
  MODIFY `id` int(11) NOT NULL AUTO_INCREMENT, AUTO_INCREMENT=7;

--
-- AUTO_INCREMENT for table `group_service`
--
ALTER TABLE `group_service`
  MODIFY `id` int(11) NOT NULL AUTO_INCREMENT, AUTO_INCREMENT=24;

--
-- AUTO_INCREMENT for table `httpurl`
--
ALTER TABLE `httpurl`
  MODIFY `id` int(11) NOT NULL AUTO_INCREMENT, AUTO_INCREMENT=4;

--
-- AUTO_INCREMENT for table `mqtttopic`
--
ALTER TABLE `mqtttopic`
  MODIFY `id` int(11) NOT NULL AUTO_INCREMENT, AUTO_INCREMENT=8;

--
-- AUTO_INCREMENT for table `refresh_trigger`
--
ALTER TABLE `refresh_trigger`
  MODIFY `id` bigint(20) UNSIGNED NOT NULL AUTO_INCREMENT, AUTO_INCREMENT=419;

--
-- AUTO_INCREMENT for table `sdpid`
--
ALTER TABLE `sdpid`
  MODIFY `sdpid` int(11) NOT NULL AUTO_INCREMENT, AUTO_INCREMENT=55570;

--
-- AUTO_INCREMENT for table `sdpid_mqtttopic`
--
ALTER TABLE `sdpid_mqtttopic`
  MODIFY `id` int(11) NOT NULL AUTO_INCREMENT, AUTO_INCREMENT=6;

--
-- AUTO_INCREMENT for table `sdpid_service`
--
ALTER TABLE `sdpid_service`
  MODIFY `id` int(11) NOT NULL AUTO_INCREMENT, AUTO_INCREMENT=101;

--
-- AUTO_INCREMENT for table `service`
--
ALTER TABLE `service`
  MODIFY `id` int(11) NOT NULL AUTO_INCREMENT, AUTO_INCREMENT=39;

--
-- AUTO_INCREMENT for table `service_gateway`
--
ALTER TABLE `service_gateway`
  MODIFY `id` int(11) NOT NULL AUTO_INCREMENT, AUTO_INCREMENT=38;

--
-- AUTO_INCREMENT for table `service_httpurl`
--
ALTER TABLE `service_httpurl`
  MODIFY `id` int(11) NOT NULL AUTO_INCREMENT, AUTO_INCREMENT=4;

--
-- AUTO_INCREMENT for table `user`
--
ALTER TABLE `user`
  MODIFY `id` int(11) NOT NULL AUTO_INCREMENT, AUTO_INCREMENT=22;

--
-- AUTO_INCREMENT for table `user_group`
--
ALTER TABLE `user_group`
  MODIFY `id` int(11) NOT NULL AUTO_INCREMENT, AUTO_INCREMENT=5;

--
-- AUTO_INCREMENT for table `user_mqtttopic`
--
ALTER TABLE `user_mqtttopic`
  MODIFY `id` int(11) NOT NULL AUTO_INCREMENT, AUTO_INCREMENT=22;

--
-- Constraints for dumped tables
--

--
-- Constraints for table `closed_connection`
--
ALTER TABLE `closed_connection`
  ADD CONSTRAINT `closed_connection_ibfk_1` FOREIGN KEY (`gateway_sdpid`) REFERENCES `sdpid` (`sdpid`) ON DELETE NO ACTION ON UPDATE CASCADE,
  ADD CONSTRAINT `closed_connection_ibfk_2` FOREIGN KEY (`client_sdpid`) REFERENCES `sdpid` (`sdpid`) ON DELETE NO ACTION ON UPDATE CASCADE;

--
-- Constraints for table `controller`
--
ALTER TABLE `controller`
  ADD CONSTRAINT `controller_ibfk_1` FOREIGN KEY (`sdpid`) REFERENCES `sdpid` (`sdpid`) ON UPDATE CASCADE,
  ADD CONSTRAINT `controller_ibfk_2` FOREIGN KEY (`service_id`) REFERENCES `service` (`id`) ON UPDATE CASCADE,
  ADD CONSTRAINT `controller_ibfk_3` FOREIGN KEY (`gateway_sdpid`) REFERENCES `sdpid` (`sdpid`) ON UPDATE CASCADE;

--
-- Constraints for table `gateway`
--
ALTER TABLE `gateway`
  ADD CONSTRAINT `gateway_ibfk_1` FOREIGN KEY (`sdpid`) REFERENCES `sdpid` (`sdpid`) ON DELETE CASCADE ON UPDATE CASCADE;

--
-- Constraints for table `gateway_controller`
--
ALTER TABLE `gateway_controller`
  ADD CONSTRAINT `gateway_controller_ibfk_1` FOREIGN KEY (`gateway_sdpid`) REFERENCES `sdpid` (`sdpid`) ON DELETE CASCADE ON UPDATE CASCADE,
  ADD CONSTRAINT `gateway_controller_ibfk_2` FOREIGN KEY (`controller_sdpid`) REFERENCES `sdpid` (`sdpid`) ON DELETE CASCADE ON UPDATE CASCADE;

--
-- Constraints for table `group_mqtttopic`
--
ALTER TABLE `group_mqtttopic`
  ADD CONSTRAINT `group_mqtttopic_ibfk_1` FOREIGN KEY (`group_id`) REFERENCES `group` (`id`) ON DELETE CASCADE ON UPDATE CASCADE,
  ADD CONSTRAINT `group_mqtttopic_ibfk_2` FOREIGN KEY (`topic_id`) REFERENCES `mqtttopic` (`id`) ON DELETE CASCADE ON UPDATE CASCADE;

--
-- Constraints for table `group_service`
--
ALTER TABLE `group_service`
  ADD CONSTRAINT `group_service_ibfk_1` FOREIGN KEY (`group_id`) REFERENCES `group` (`id`) ON DELETE CASCADE ON UPDATE CASCADE,
  ADD CONSTRAINT `group_service_ibfk_2` FOREIGN KEY (`service_id`) REFERENCES `service` (`id`) ON DELETE CASCADE ON UPDATE CASCADE;

--
-- Constraints for table `mqtttopic`
--
ALTER TABLE `mqtttopic`
  ADD CONSTRAINT `mqtttopic_ibfk_1` FOREIGN KEY (`service_id`) REFERENCES `service` (`id`) ON DELETE CASCADE ON UPDATE CASCADE;

--
-- Constraints for table `open_connection`
--
ALTER TABLE `open_connection`
  ADD CONSTRAINT `open_connection_ibfk_1` FOREIGN KEY (`gateway_sdpid`) REFERENCES `sdpid` (`sdpid`) ON DELETE NO ACTION ON UPDATE CASCADE,
  ADD CONSTRAINT `open_connection_ibfk_2` FOREIGN KEY (`client_sdpid`) REFERENCES `sdpid` (`sdpid`) ON DELETE NO ACTION ON UPDATE CASCADE,
  ADD CONSTRAINT `open_connection_ibfk_3` FOREIGN KEY (`service_id`) REFERENCES `service` (`id`) ON DELETE NO ACTION ON UPDATE CASCADE;

--
-- Constraints for table `sdpid`
--
ALTER TABLE `sdpid`
  ADD CONSTRAINT `sdpid_ibfk_1` FOREIGN KEY (`user_id`) REFERENCES `user` (`id`) ON UPDATE CASCADE,
  ADD CONSTRAINT `sdpid_ibfk_2` FOREIGN KEY (`environment_id`) REFERENCES `environment` (`id`) ON UPDATE CASCADE;

--
-- Constraints for table `sdpid_mqtttopic`
--
ALTER TABLE `sdpid_mqtttopic`
  ADD CONSTRAINT `sdpid_mqtttopic_ibfk_1` FOREIGN KEY (`sdpid`) REFERENCES `sdpid` (`sdpid`) ON DELETE CASCADE ON UPDATE CASCADE,
  ADD CONSTRAINT `sdpid_mqtttopic_ibfk_2` FOREIGN KEY (`topic_id`) REFERENCES `mqtttopic` (`id`) ON DELETE CASCADE ON UPDATE CASCADE;

--
-- Constraints for table `sdpid_service`
--
ALTER TABLE `sdpid_service`
  ADD CONSTRAINT `sdpid_service_ibfk_1` FOREIGN KEY (`sdpid`) REFERENCES `sdpid` (`sdpid`) ON DELETE CASCADE ON UPDATE CASCADE,
  ADD CONSTRAINT `sdpid_service_ibfk_2` FOREIGN KEY (`service_id`) REFERENCES `service` (`id`) ON DELETE CASCADE ON UPDATE CASCADE;

--
-- Constraints for table `service_gateway`
--
ALTER TABLE `service_gateway`
  ADD CONSTRAINT `service_gateway_ibfk_1` FOREIGN KEY (`service_id`) REFERENCES `service` (`id`) ON DELETE CASCADE ON UPDATE CASCADE,
  ADD CONSTRAINT `service_gateway_ibfk_2` FOREIGN KEY (`gateway_sdpid`) REFERENCES `sdpid` (`sdpid`) ON UPDATE CASCADE;

--
-- Constraints for table `service_httpurl`
--
ALTER TABLE `service_httpurl`
  ADD CONSTRAINT `service_httpurl_ibfk_1` FOREIGN KEY (`service_id`) REFERENCES `service` (`id`) ON DELETE CASCADE ON UPDATE CASCADE,
  ADD CONSTRAINT `service_httpurl_ibfk_2` FOREIGN KEY (`url_id`) REFERENCES `httpurl` (`id`) ON DELETE CASCADE ON UPDATE CASCADE;

--
-- Constraints for table `user_credential`
--
ALTER TABLE `user_credential`
  ADD CONSTRAINT `user_credential_ibfk_1` FOREIGN KEY (`id`) REFERENCES `user` (`id`) ON DELETE CASCADE ON UPDATE CASCADE;

--
-- Constraints for table `user_group`
--
ALTER TABLE `user_group`
  ADD CONSTRAINT `user_group_ibfk_1` FOREIGN KEY (`user_id`) REFERENCES `user` (`id`) ON DELETE CASCADE ON UPDATE CASCADE,
  ADD CONSTRAINT `user_group_ibfk_2` FOREIGN KEY (`group_id`) REFERENCES `group` (`id`) ON DELETE CASCADE ON UPDATE CASCADE;

--
-- Constraints for table `user_mqtttopic`
--
ALTER TABLE `user_mqtttopic`
  ADD CONSTRAINT `user_mqtttopic_ibfk_1` FOREIGN KEY (`user_id`) REFERENCES `user` (`id`) ON DELETE CASCADE ON UPDATE CASCADE,
  ADD CONSTRAINT `user_mqtttopic_ibfk_2` FOREIGN KEY (`topic_id`) REFERENCES `mqtttopic` (`id`) ON DELETE CASCADE ON UPDATE CASCADE;
COMMIT;

/*!40101 SET CHARACTER_SET_CLIENT=@OLD_CHARACTER_SET_CLIENT */;
/*!40101 SET CHARACTER_SET_RESULTS=@OLD_CHARACTER_SET_RESULTS */;
/*!40101 SET COLLATION_CONNECTION=@OLD_COLLATION_CONNECTION */;
